latin,m1,m2,m3,m4,m5,m6,m7,m8,m9,m10,m11,m12
Anas platyrhynchos,66602,51688,82846,116439,100778,50569,34634,41334,44265,51923,43482,40057
Corvus cornix,71720,52256,75074,83519,72865,42957,35345,40438,48549,58101,43873,41883
Parus major,72197,53790,72278,80094,64745,33633,25898,29926,43902,65440,48081,44881
Larus argentatus,67546,49381,67376,66038,59039,36448,34309,39628,41869,47414,37925,38978
Turdus merula,48598,28166,60309,89203,81663,46622,28938,21889,30327,55195,29935,30469
Bucephala clangula,63971,51487,77167,90341,59217,24507,17691,19212,24931,35938,38989,40005
Larus canus,18365,14320,33420,104351,113250,75123,63731,41818,25580,21864,13030,10578
Cyanistes caeruleus,64982,46535,59534,62369,46521,20829,17782,23923,36376,58455,45484,41676
Pica pica,59332,39277,49894,53092,43859,27431,23031,26467,33819,45150,36077,35744
Fringilla coelebs,16638,9390,41176,113106,92635,48560,22645,25491,36951,30182,12615,11753
Chloris chloris,41114,35577,58586,63434,52893,27364,23587,23521,26796,37642,28838,26184
Motacilla alba,753,461,9763,100300,96019,55404,50146,58345,52572,14368,4564,1553
Somateria mollissima,40608,34939,47392,49035,54849,39419,33772,27252,28467,31228,24112,21283
Phalacrocorax carbo,48360,35880,43790,40881,32857,17127,20968,34256,42912,43642,32522,30131
Erithacus rubecula,29793,15128,27154,89143,56519,28329,21468,28344,36544,41984,25965,19956
Turdus pilaris,32138,16621,18213,59430,68294,43364,25735,18288,26540,47754,30421,23842
Larus marinus,32953,29605,47487,49346,50951,34806,31940,31149,29516,30149,19798,17941
Columba palumbus,14404,13760,49707,78588,64195,32213,27049,34333,35661,26194,8688,7676
Sturnus vulgaris,14920,13857,53806,72855,60793,31748,22022,26622,30223,33300,16189,10582
Mergus serrator,37544,32707,42346,50728,57736,28502,22123,19513,21447,24450,22012,21150
Haematopus ostralegus,2519,4612,62428,79670,77981,48630,42320,29602,14497,7225,3043,1792
Anser anser,7849,15102,59043,80513,68702,25357,24549,34626,26325,17903,6519,4360
Ardea cinerea,28155,19464,29509,42209,40410,21274,25787,34719,33967,31570,23076,19433
Emberiza citrinella,31015,20771,37352,49163,45858,24904,17281,12716,17996,25468,17980,18458
Cygnus olor,31009,24900,38464,44350,38661,20608,16186,17556,20866,23908,21016,19592
Anthus pratensis,4274,2015,8613,49129,54371,31923,26945,30934,51062,30126,8246,3961
Hirundo rustica,2,1,62,20389,86653,45022,42252,53439,39516,10746,524,6
Phylloscopus trochilus,0,0,6,18820,116808,65486,36216,40467,18101,1910,44,4
Spinus spinus,19387,16883,23668,39351,45553,30226,22486,18171,29471,24999,11646,11168
Passer domesticus,31538,20672,26407,32693,36960,25000,21058,19374,18975,23202,17614,17672
Anas crecca,6562,4670,17315,68921,63940,25279,15689,23922,25586,19320,7975,4515
Turdus iliacus,7548,3108,7726,58855,59899,36998,14397,8260,18371,43637,12889,5827
Chroicocephalus ridibundus,7698,5574,29737,59403,52394,27668,24864,20658,15283,14367,6966,4448
Sitta europaea,32068,21458,29327,33188,19065,11114,11947,17273,21730,27130,22114,20473
Vanellus vanellus,1671,4511,47911,73027,62907,27528,16161,13543,8418,6232,3448,1453
Troglodytes troglodytes,23149,11480,18182,30569,24355,13812,11666,9499,23321,43299,30267,19842
Phylloscopus collybita,122,22,2511,65320,69727,33190,18561,12822,32860,20485,3399,497
Pyrrhula pyrrhula,42722,30790,32967,26351,18810,8857,5979,4994,7464,23873,25172,27843
Aythya fuligula,21141,14546,19723,41073,51484,22059,14869,10763,11822,16047,14701,12830
Dendrocopos major,28169,19947,27707,30173,22667,13841,9846,13547,20050,26665,19942,17824
Cygnus cygnus,33523,26293,43119,38028,20876,10854,4228,3346,6112,12645,23992,23406
Passer montanus,27162,16710,22456,25194,24884,14262,13207,15466,17011,25003,19141,17017
Corvus corax,21603,17219,25603,30436,24554,14467,13966,16428,21807,21659,13149,12153
Acanthis flammea,21515,16055,14778,20593,32430,21849,19724,15278,17959,23904,13877,12368
Numenius arquata,4479,4049,12804,62609,42460,24660,18147,23537,12982,6620,3684,2661
Tringa totanus,2344,2090,2519,18152,68798,37229,31244,32413,9709,3116,1755,1386
Mareca penelope,9433,7240,12562,33667,38688,16388,8587,10615,24492,26554,12870,7161
Turdus philomelos,731,326,7641,63844,51383,28032,11786,7607,14300,19415,2633,658
Larus fuscus,216,244,12828,47225,51327,27053,24047,25592,12765,3419,451,147
Mergus merganser,21786,17166,25967,41229,30401,12384,6117,6811,7266,8256,9641,12268
Emberiza schoeniclus,930,542,8156,34989,53217,27809,15340,15107,24664,16011,2055,757
Alauda arvensis,1902,5848,35570,41077,35694,17511,11540,8002,13287,15878,4529,1638
Charadrius hiaticula,185,1338,15440,22740,36151,24484,23455,37378,24249,4305,318,97
Sylvia atricapilla,2527,1391,1219,12810,64679,33632,17292,13548,18404,17490,4873,2221
Actitis hypoleucos,51,10,10,6694,71080,30495,35282,34156,9355,728,105,58
Fringilla montifringilla,15794,8731,8283,21705,21824,14922,5953,7215,25112,36260,11123,10430
Oenanthe oenanthe,11,0,874,26189,52433,24351,22311,22028,22134,8894,1123,26
Tadorna tadorna,752,4707,27469,40321,40205,22772,16257,11996,5964,2904,1077,358
Accipiter nisus,15223,11649,12813,17368,9713,3331,4602,21479,30801,24237,12921,9447
Coloeus monedula,21310,14389,21604,22824,18776,8611,4617,6430,10666,18958,13044,11160
Poecile montanus,20287,14929,16911,15828,9992,7305,8622,10803,16140,21359,14932,13231
Haliaeetus albicilla,22265,17675,18618,18517,14360,8589,7147,9778,13618,14136,11139,12636
Gallinago gallinago,3818,1488,3842,27782,32343,17673,8921,18136,20060,19552,7125,3255
Carduelis carduelis,12330,8638,16533,22348,19809,9242,9319,11830,13903,18103,12148,8914
Periparus ater,22965,16734,19180,17650,9805,4494,4109,6663,12713,17904,14022,14077
Regulus regulus,10562,5616,10804,17579,13494,6969,4977,8451,23851,36078,13117,8361
Branta canadensis,6552,5625,23640,33776,24634,11012,8580,11980,11364,9246,7372,5903
Melanitta fusca,21227,16995,18806,15214,15816,6616,5283,5497,7076,14655,14896,12611
Melanitta nigra,16222,11321,11945,13286,20486,8985,5828,4492,6164,18678,20884,12245
Buteo buteo,10291,7594,17508,23950,14595,7714,7518,15094,21383,11633,5839,6347
Calidris alpina,1095,978,2804,2188,21893,12771,16597,35708,29608,11583,1876,716
Prunella modularis,955,464,3633,44610,34760,14231,5159,6908,16755,7278,1341,803
Garrulus glandarius,14940,8563,10463,11111,8672,4190,3713,5886,18503,24815,14815,10496
Grus grus,95,132,8365,42259,37079,14144,8917,11967,9181,851,171,89
Clangula hyemalis,18412,16008,18135,14923,11224,7439,3518,1749,2245,11454,13959,10635
Linaria cannabina,74,80,4488,26795,28624,12528,12997,17456,16966,8505,779,93
Anthus petrosus,9711,6868,15714,14910,10769,6552,6465,8753,14181,17135,10962,7020
Tringa nebularia,9,0,4,6134,47701,11496,17713,33254,10574,1612,144,12
Apus apus,0,1,0,67,31224,35497,33684,24566,2633,219,44,0
Pluvialis apricaria,156,184,1634,13665,36831,15846,12680,19887,17370,6532,696,148
Gavia stellata,7619,5938,6125,16764,25411,10855,7733,7913,7471,11766,8966,4795
Phalacrocorax aristotelis,11229,9688,11345,10183,10533,5313,4993,6707,9396,10411,6852,5593
Picus viridis,3716,4184,14350,18792,12853,5945,8116,9077,7813,9504,5263,2564
Delichon urbicum,0,0,4,4294,34036,21330,18872,18264,4508,508,37,0
Anser brachyrhynchus,2296,1587,10806,31575,16061,2932,1734,1558,11814,14507,4256,1931
Ficedula hypoleuca,0,0,6,4558,55747,23849,7463,5737,2698,588,2,0
Sterna hirundo,0,0,1,4462,36763,22735,21063,11540,3297,432,13,0
Podiceps auritus,7458,6095,7408,15553,19076,6736,5725,5894,6320,7818,6508,4635
Podiceps cristatus,3936,3275,7521,18111,16031,7239,6773,7903,9106,9063,4998,2825
Columba livia,15077,8838,9881,9564,8578,5534,5336,6383,6652,7143,6314,6845
Falco tinnunculus,2038,1322,1991,14519,18253,8987,8530,12455,18308,4511,1150,1337
Branta leucopsis,1975,1610,6677,13861,21142,9751,8680,9306,8197,7745,1938,1216
Sylvia communis,0,0,0,540,38234,23644,11808,10422,2986,213,6,0
Saxicola rubetra,14,0,3,1786,33415,15165,9861,16582,8395,1285,224,38
Gavia arctica,2029,1477,1529,11326,27181,13533,9819,7282,5525,3907,1872,1129
Fulica atra,7895,5327,7313,14184,13532,6766,5466,5393,5375,5052,4081,4271
Cepphus grylle,7830,8159,8756,8791,10129,7328,6358,5287,5034,6638,5327,3768
Bombycilla garrulus,13741,8214,5415,2075,1278,1436,1275,767,809,17864,18640,11376
Sylvia borin,1,0,0,16,30058,25369,10746,8942,6369,1530,47,2
Coccothraustes coccothraustes,8993,5448,7695,16363,12740,5165,4227,2701,4194,5212,4325,5527
Motacilla cinerea,1732,755,7247,17158,9614,5036,3870,4972,12379,13449,3942,1696
Loxia curvirostra,6761,5059,5341,4611,4380,4591,6850,8114,8979,13076,8418,4814
Certhia familiaris,9371,6396,7534,7035,5465,2909,3047,3883,7497,12980,8254,6282
Motacilla flava,4,0,3,1121,23708,11511,9353,23845,9464,734,64,15
Anthus trivialis,0,0,3,4997,27673,12436,5324,15782,11406,1189,12,3
Streptopelia decaocto,8533,5854,6944,8570,10919,6185,4647,5216,5800,5100,5002,5386
Cinclus cinclus,13729,9404,9497,10836,7703,3290,1768,1154,1821,4495,5237,8351
Poecile palustris,9959,6941,8895,8631,5434,2524,2935,4523,5491,7756,7129,6660
Falco peregrinus,5368,3825,3138,4683,4195,1956,3327,15345,16912,8733,4264,3281
Calidris pugnax,1,4,50,1081,14017,6764,6698,26670,17016,1747,129,6
Riparia riparia,1,1,32,5801,26483,14666,12215,10341,3550,344,11,0
Morus bassanus,2142,1378,3732,6439,9939,4753,6470,7899,10032,11027,3403,1640
Dryocopus martius,3785,4081,7991,9404,9252,3979,3189,5579,8166,6514,3767,2507
Cuculus canorus,0,0,0,209,32097,26257,5111,3657,945,15,0,0
Tringa glareola,0,0,1,1900,30203,10647,11429,11802,1076,56,2,0
Sylvia curruca,10,0,2,1361,33112,12642,5582,8363,4003,1603,140,7
Scolopax rusticola,4522,2448,6447,11653,13326,12415,4789,873,987,2864,3387,2963
Accipiter gentilis,6843,4703,5840,7358,3341,1376,1624,5317,7782,8714,6257,5047
Muscicapa striata,0,0,0,58,20480,13643,11741,13215,4191,508,1,0
Tringa ochropus,13,17,283,25555,14392,4848,9112,8505,730,39,14,11
Uria aalge,6311,6503,6244,4512,3992,2480,1863,1075,6251,11610,8185,3986
Rissa tridactyla,5527,3915,3590,3487,6805,6370,4911,3638,4972,8808,5711,3335
Lophophanes cristatus,7046,5754,5855,4483,3361,3221,4021,4220,6100,6848,5145,4578
Linaria flavirostris,1243,924,2375,11801,7723,3700,3807,4033,6062,11656,3500,903
Limosa lapponica,407,357,1393,6560,8292,4517,7093,9732,13571,4667,834,295
Numenius phaeopus,10,10,9,2515,31046,9580,8056,5389,776,81,10,10
Strix aluco,4287,4917,8623,7878,9688,5926,2081,2872,3681,3079,2057,2316
Turdus viscivorus,794,683,7466,20990,9447,4114,1847,961,2441,4689,866,464
Anas acuta,2907,2502,3910,9487,9875,3902,1343,3575,7493,5587,2221,1519
Phoenicurus phoenicurus,0,0,1,2208,21724,10919,4972,6148,6555,1779,43,2
Alca torda,7211,4457,2246,2132,4118,3007,2609,912,3213,9383,9794,4960
Circus aeruginosus,0,19,267,10422,14090,5612,4957,11191,5053,248,21,0
Buteo lagopus,2339,1697,1823,8450,9190,4751,3987,3720,5815,5434,2191,1541
Nucifraga caryocatactes,1931,1421,1593,1297,1553,1881,5788,11770,11019,6934,2865,1573
Pandion haliaetus,0,0,185,11146,12959,5811,6201,9546,3613,169,15,1
Calidris maritima,6494,6163,6574,3655,3961,3498,2866,2237,2164,4310,3879,3052
Dryobates minor,1470,1531,5467,11999,7191,2977,2695,3476,4673,4161,1781,1054
Acrocephalus schoenobaenus,0,0,0,812,16905,16364,6558,4483,1213,91,2,0
Aegithalos caudatus,4156,2852,5387,4620,2935,1523,1015,1052,2897,9498,6054,3936
Corvus frugilegus,5240,4023,6291,7084,4857,1602,1392,2198,2943,4518,3082,2629
Sterna paradisaea,0,0,2,297,10530,14233,11210,5780,2643,947,72,0
Turdus torquatus,126,119,230,15872,13365,6519,3543,1001,1731,2067,188,37
Falco columbarius,1013,634,1173,7470,6612,2865,3111,6410,10289,3295,887,628
Aythya marila,5368,3869,3412,3660,4763,2321,1285,1071,1521,6321,6670,3682
Gavia immer,6282,5186,5685,6578,5523,1201,679,434,940,3106,4303,3654
Plectrophenax nivalis,2095,1601,7622,10050,2904,2917,3226,1150,2473,4154,3387,1622
Lyrurus tetrix,2456,2161,3538,9589,10682,3446,1178,1065,2333,3199,1874,1465
Tachybaptus ruficollis,9189,6128,5075,2673,740,397,472,783,1890,4433,4614,4846
Columba oenas,392,997,8012,10093,7268,2629,2146,3270,3352,2197,356,176
Calidris canutus,309,291,407,843,6513,1488,4866,14871,8912,1551,400,191
Arenaria interpres,1960,1555,1279,1089,6272,3727,3835,10259,5710,1991,1192,1106
Lanius excubitor,5137,4256,5219,3577,583,707,714,878,3402,6199,4801,4000
Acrocephalus scirpaceus,0,0,0,72,13469,12538,5484,5052,2173,412,1,0
Hippolais icterina,0,0,0,9,18350,15643,3071,1720,116,9,0,0
Gallinula chloropus,3086,1730,1696,5380,5104,2493,2308,3606,3847,3532,2022,1777
Acrocephalus palustris,0,0,0,0,6524,25131,2820,1977,317,21,0,0
Stercorarius parasiticus,3,0,13,396,8289,10205,7963,5646,3030,650,52,2
Spatula clypeata,189,156,479,6144,13174,4291,1280,1818,3302,3387,770,223
Luscinia svecica,24,0,0,41,8496,8856,6233,8412,2964,228,26,3
Lanius collurio,0,0,1,28,7365,6260,7833,11331,2099,230,20,0
Lagopus lagopus,1464,1732,2518,3771,6648,6765,3913,1714,1511,1241,595,777
Rallus aquaticus,3965,1556,1275,2247,3049,2092,1003,1812,2443,4259,4166,2939
Jynx torquilla,0,0,1,4146,18223,4195,1848,1398,442,71,2,0
Pluvialis squatarola,190,158,134,264,1309,421,1702,5018,11367,7416,833,172
Picus canus,2451,2218,3683,4211,2517,900,908,607,1985,4952,2478,1858
Calidris minuta,25,0,13,4,1202,1530,3281,11473,9621,955,55,25
Mareca strepera,718,611,1360,7629,10076,2763,901,650,1115,1094,640,354
Larus hyperboreus,3325,3163,3702,2569,3006,3233,2530,1745,1323,1491,731,863
Charadrius dubius,0,0,54,5049,11362,4560,3890,1846,213,6,0,0
Mergellus albellus,4310,3249,4282,4392,1388,1122,292,316,518,1876,2448,2464
Alle alle,4243,1744,436,485,323,441,620,276,262,4907,8389,3766
Circus cyaneus,2022,1456,1068,3820,2653,10,7,1276,6449,3525,1821,1444
Calidris alba,193,145,156,108,1660,2441,3366,7909,6391,1332,366,114
Fulmarus glacialis,775,669,807,1522,4406,3565,2824,2892,3120,1997,473,460
Surnia ulula,2906,2254,2193,1641,1204,1515,457,762,2387,3212,2588,2051
Podiceps grisegena,3059,2801,3194,3022,1303,371,341,427,995,3042,2767,1826
Calidris temminckii,0,0,0,5,9294,5093,3392,4658,552,21,0,0
Luscinia luscinia,0,0,0,49,12272,7586,1557,1187,49,15,0,0
Tringa erythropus,3,3,7,285,3133,2435,2745,10117,3294,317,37,4
Limosa limosa,11,7,284,3985,7218,2219,883,2920,3298,796,91,12
Anser albifrons,3099,2308,4108,3425,1990,344,89,181,640,1279,1720,1978
Calcarius lapponicus,308,145,397,3659,2934,4468,2076,738,2572,2575,728,235
Carpodacus erythrinus,0,0,0,1,8420,8607,2041,979,534,355,22,11
Phasianus colchicus,1178,843,2158,4139,3815,1513,929,1177,1342,1640,1209,864
Corvus corone,1797,1420,2001,2499,3559,1441,881,1340,1989,2463,1301,987
Phylloscopus sibillatrix,0,0,0,908,12197,4849,946,794,528,38,0,0
Loxia pytyopsittacus,1446,1078,1528,1716,1424,1483,1181,778,1665,4280,2090,1055
Asio flammeus,361,403,739,2715,5373,3064,1335,544,909,1944,683,233
Aythya ferina,1575,1348,1478,2304,1928,564,559,749,1544,2309,2108,1411
Tetrao urogallus,928,918,1295,2792,3372,1465,1025,873,1407,1782,1051,745
Somateria spectabilis,1654,2018,2424,1992,2184,3571,1658,484,339,403,519,385
Saxicola rubicola,887,1013,4052,1742,1408,566,538,884,1339,2496,1691,770
Falco subbuteo,0,0,0,335,4496,3052,2356,3864,3017,151,2,0
Calidris ferruginea,2,0,1,12,319,371,3425,7077,5407,385,7,2
Stercorarius skua,47,24,19,645,2593,2466,3718,3483,2518,940,123,83
Anser fabalis,1630,1386,2199,2311,3580,6,4,5,830,1303,1153,1138
Branta bernicla,231,106,292,460,4145,2167,885,847,2661,2451,945,152
Spatula querquedula,0,0,164,3826,9109,1482,232,251,139,57,5,1
Glaucidium passerinum,2109,2059,2044,903,392,378,133,279,1089,2388,1899,1425
Coturnix coturnix,2,0,0,6,2417,7069,3533,1537,149,39,12,1
Fratercula arctica,595,738,582,1098,2176,2624,3060,1136,931,1013,455,245
Aquila chrysaetos,3580,1494,96,88,70,28,25,938,2375,2185,1790,1943
Lagopus muta,293,517,1009,1515,1631,3528,2936,1355,891,477,227,137
Larus glaucoides,3660,2927,2620,1528,970,522,155,109,131,211,546,1028
Perisoreus infaustus,726,947,1369,924,1120,1820,1645,1128,1201,1532,829,477
Lymnocryptes minimus,794,360,392,952,423,489,111,171,2004,5796,1409,661
Gavia adamsii,1404,1506,1634,2359,3134,541,218,156,367,1021,804,427
Aegolius funereus,674,1623,3527,2251,1569,615,146,176,872,1067,295,256
Caprimulgus europaeus,0,0,0,14,2699,7405,1382,1243,327,13,0,0
Pinicola enucleator,1876,821,467,258,198,484,191,53,92,1307,4450,2654
Picoides tridactylus,647,822,1070,1577,1653,1411,1105,808,1055,1319,655,510
Dendrocopos leucotos,474,710,1760,2721,2341,936,651,543,494,618,357,374
Hydrocoloeus minutus,266,116,92,286,3823,2488,921,1386,748,881,520,144
Pernis apivorus,0,0,0,24,2388,1691,2252,3533,1472,53,1,0
Phalaropus lobatus,0,0,0,1,1770,6047,2231,1053,84,39,0,0
Eremophila alpestris,513,273,365,1384,1234,2112,1582,287,328,1867,679,326
Crex crex,0,0,0,23,2836,5564,1817,204,76,22,1,1
Locustella naevia,0,0,0,514,4636,3343,990,634,311,121,0,0
Asio otus,451,540,920,995,1252,3156,1498,296,260,450,354,278
Tetrastes bonasia,539,448,668,1241,1446,981,780,599,796,1080,775,490
Panurus biarmicus,1145,513,418,721,1118,601,505,477,635,1466,1268,808
Acanthis hornemanni,1648,1453,1235,670,306,688,242,146,919,1185,560,543
Phylloscopus inornatus,0,0,0,5,16,2,0,7,5128,4294,104,0
Loxia leucoptera,717,479,321,268,178,130,643,1553,1313,1756,1312,626
Stercorarius longicaudus,0,0,0,0,1925,4005,1915,619,315,87,4,0
Charadrius morinellus,0,0,0,138,4677,2053,1306,464,153,21,3,0
Phoenicurus ochruros,453,210,658,1983,1477,468,215,130,163,932,1371,386
Ardea alba,345,148,315,1638,1616,595,332,532,911,553,562,229
Anser serrirostris,833,799,1038,1040,1999,452,51,43,97,346,485,490
Lullula arborea,348,196,1565,1920,920,574,128,113,489,864,363,140
Aix galericulata,774,441,410,1311,1235,337,178,280,702,647,327,304
Alcedo atthis,1153,570,350,410,406,219,290,432,777,862,576,578
Anthus cervinus,0,0,1,15,614,2123,696,538,1862,482,18,0
Thalasseus sandvicensis,0,4,22,281,1017,1524,1702,964,255,81,10,2
Anser indicus,10,2,4,129,836,1144,671,961,937,351,117,43
Falco rusticolus,752,263,46,19,17,4,4,515,1525,1013,570,428
Polysticta stelleri,294,408,1259,1288,692,613,193,25,23,91,96,106
Stercorarius pomarinus,15,7,12,41,2056,726,366,441,521,539,220,71
Phalaropus fulicarius,34,3,2,0,303,1975,1387,225,131,347,238,100
Sylvia nisoria,0,0,0,0,367,574,317,895,1595,885,84,0
Porzana porzana,0,0,0,316,1803,1571,407,219,232,45,7,2
Uria lomvia,242,86,230,508,493,1042,838,270,78,139,86,255
Hydrobates pelagicus,4,1,0,2,5,50,1494,1991,453,92,29,22
Calidris falcinellus,0,0,0,0,1341,765,255,1197,145,1,0,0
Acrocephalus dumetorum,0,0,0,0,197,2780,228,51,154,160,2,0
Anthus richardi,93,16,4,28,51,2,0,11,721,1855,574,122
Pagophila eburnea,48,94,218,330,511,645,767,616,130,22,55,34
Egretta garzetta,12,0,1,144,921,220,292,551,478,379,243,151
Emberiza pusilla,144,64,31,27,53,729,166,131,654,1006,183,84
Cygnus columbianus,463,304,603,331,94,10,13,5,7,279,658,361
Puffinus puffinus,3,0,1,15,296,450,745,722,446,208,9,3
Gallinago media,0,0,0,57,1164,237,199,531,468,202,8,0
Melanitta perspicillata,263,226,218,278,451,262,181,89,152,338,246,145
Streptopelia turtur,54,30,20,23,556,315,118,110,664,726,182,48
Puffinus griseus,9,3,0,1,11,20,104,711,1264,591,40,12
Poecile cinctus,88,126,242,163,167,919,332,297,171,108,80,71
Ficedula parva,0,0,0,3,504,330,42,72,653,1012,26,0
Anser caerulescens,66,18,92,624,495,206,141,225,301,250,96,71
Milvus milvus,76,102,500,950,347,94,69,161,120,78,26,68
Circus macrourus,0,0,0,214,451,125,67,335,1117,75,2,0
Anas carolinensis,15,40,126,1008,806,146,29,0,0,3,0,4
Anser erythropus,6,4,17,93,1619,13,1,17,240,64,30,8
Pastor roseus,1,0,2,4,80,228,255,251,698,439,110,6
Upupa epops,10,0,11,321,318,51,21,51,391,636,236,23
Calidris melanotos,0,0,0,52,539,452,485,174,273,59,20,2
Locustella fluviatilis,0,0,0,0,265,1459,243,11,3,0,0,0
Ichthyaetus melanocephalus,44,45,28,368,336,312,80,204,214,171,93,49
Aythya collaris,92,164,181,364,476,71,4,17,80,155,166,116
Ciconia ciconia,32,37,107,612,479,160,58,104,94,143,18,11
Tadorna ferruginea,51,50,49,107,368,134,283,282,173,63,64,42
Acrocephalus arundinaceus,0,0,0,0,448,1088,53,6,20,3,2,0
Regulus ignicapilla,139,60,67,206,157,62,55,0,34,217,453,136
Recurvirostra avosetta,0,5,156,499,626,180,32,35,22,2,1,2
Mareca americana,152,121,167,148,257,324,86,3,3,104,127,63
Chlidonias niger,0,0,0,6,379,314,137,335,191,30,23,0
Phylloscopus borealis,0,0,0,0,1,997,230,61,75,13,1,0
Larus delawarensis,190,202,312,180,51,102,60,49,28,64,44,88
Motacilla citreola,0,0,0,21,315,79,121,176,404,129,59,47
Larus cachinnans,224,377,260,92,63,0,24,89,32,50,42,88
Xema sabini,5,0,1,2,19,132,260,218,301,241,69,11
Emberiza hortulana,0,0,0,39,612,132,25,144,173,27,8,0
Milvus migrans,7,2,7,127,349,162,66,110,222,27,30,22
Botaurus stellaris,194,146,98,161,228,157,39,14,22,7,16,48
Anthus spinoletta,386,179,85,12,0,0,0,0,0,25,210,209
Calandrella brachydactyla,0,0,10,101,301,70,44,106,131,225,108,1
Anthus hodgsoni,0,0,0,0,1,4,0,0,451,537,23,0
Hydroprogne caspia,0,0,0,9,216,348,299,120,5,2,0,0
Oriolus oriolus,0,0,0,4,394,455,42,12,37,22,1,0
Branta ruficollis,59,34,129,215,116,151,15,108,108,17,8,0
Locustella luscinioides,0,0,0,20,548,336,63,7,4,6,0,0
Bubulcus ibis,1,0,76,230,43,45,0,1,49,255,173,38
Sternula albifrons,0,0,0,1,295,324,164,73,12,6,0,0
Falco vespertinus,0,0,0,79,360,144,8,60,275,28,0,0
Turdus atrogularis,214,204,145,38,0,0,0,0,0,46,61,105
Netta rufina,1,8,0,221,157,49,46,176,34,74,39,1
Streptopelia orientalis,219,108,57,36,6,0,1,3,1,95,106,160
Saxicola maurus,0,0,0,16,20,11,14,2,128,404,164,9
Emberiza leucocephalos,267,200,113,20,1,0,0,0,0,14,74,33
Bubo bubo,0,0,0,0,0,0,0,0,157,234,164,163
Strix nebulosa,155,99,6,10,5,2,1,2,61,105,104,158
Platalea leucorodia,0,0,28,9,202,391,2,1,22,60,17,0
Chlidonias leucopterus,0,0,0,0,242,213,80,125,14,0,0,0
Perdix perdix,52,23,53,86,91,60,52,42,46,81,40,32
Emberiza calandra,16,1,9,39,292,184,72,21,2,15,0,7
Podiceps nigricollis,23,19,100,119,154,41,52,15,31,41,33,20
Serinus serinus,0,0,0,40,334,175,67,4,7,4,3,0
Alopochen aegyptiaca,31,29,103,193,93,22,39,17,10,4,65,25
Oenanthe deserti,13,0,52,0,1,0,0,0,0,56,416,88
Phylloscopus proregulus,0,0,0,0,0,0,0,0,7,498,103,0
Emberiza rustica,0,0,2,46,184,54,10,89,107,111,0,0
Oceanodroma leucorhoa,9,1,0,1,1,43,157,157,79,72,44,32
Merops apiaster,0,0,0,5,230,146,51,29,12,119,2,0
Lanius senator,0,0,0,0,131,66,1,75,114,105,71,0
Larus michahellis,30,22,65,120,65,39,58,38,26,42,33,9
Circus pygargus,0,0,0,22,423,71,6,11,12,0,0,0
Calidris subruficollis,0,0,0,0,52,36,55,140,215,39,2,0
Sibirionetta formosa,0,43,2,318,145,5,0,1,0,25,0,2
Melanitta stejnegeri,0,0,238,73,82,23,90,8,1,0,0,0
Tarsiger cyanurus,0,0,0,2,4,61,25,4,82,328,7,0
Phylloscopus trochiloides,0,0,0,0,114,188,55,75,54,0,0,0
Tringa flavipes,0,0,0,3,239,166,35,7,1,26,4,0
Rhodostethia rosea,19,18,5,3,245,105,13,29,4,2,5,30
Phylloscopus fuscatus,0,0,0,0,0,0,0,0,20,308,143,0
Larus smithsonianus,71,185,134,59,0,0,0,0,0,0,0,18
Phylloscopus humei,0,0,0,0,0,0,0,0,7,129,233,98
Calidris fuscicollis,0,0,0,0,0,42,221,164,14,7,3,0
Lanius minor,0,0,0,0,13,52,93,103,73,105,6,0
Burhinus oedicnemus,0,0,0,105,177,100,11,38,9,0,0,0
Pluvialis fulva,0,0,0,0,8,234,124,29,13,20,0,1
Gavia pacifica,17,33,101,113,120,1,20,0,0,0,0,10
Podilymbus podiceps,0,0,7,49,45,50,88,70,23,35,14,2
Chroicocephalus philadelphia,38,4,26,36,70,78,54,23,0,10,20,48
Oenanthe pleschanka,0,0,0,0,1,21,29,0,0,163,165,1
Luscinia megarhynchos,0,0,0,18,151,157,1,11,8,34,0,0
Cairina moschata,31,29,30,28,33,14,22,22,25,55,31,23
Tringa stagnatilis,0,0,0,96,137,15,2,73,15,3,0,0
Charadrius leschenaultii,0,0,0,0,36,124,140,31,0,0,0,0
Pluvialis dominica,0,0,0,22,35,57,32,52,55,67,6,0
Remiz pendulinus,0,0,0,31,203,11,7,23,0,0,50,0
Plegadis falcinellus,0,0,0,0,48,13,16,0,137,78,18,6
Leucophaeus pipixcan,45,0,0,0,54,68,57,13,0,0,21,53
Gelochelidon nilotica,0,0,0,3,90,124,68,1,0,0,0,0
Charadrius alexandrinus,0,0,0,45,162,73,6,0,0,0,0,0
Aythya affinis,0,0,27,159,31,0,0,0,0,31,11,18
Xenus cinereus,0,0,0,0,42,118,50,0,64,0,1,0
Anthus campestris,0,0,0,18,126,32,3,7,4,53,27,0
Coracias garrulus,0,0,0,1,29,77,10,14,79,56,1,1
Anas rubripes,0,7,31,131,27,45,25,0,0,0,0,0
Oxyura jamaicensis,2,0,0,3,136,39,12,11,17,18,26,0
Motacilla tschutschensis,8,2,0,0,0,0,0,0,19,146,69,13
Emberiza melanocephala,0,0,0,0,13,95,46,32,13,50,8,0
Aythya nyroca,1,0,0,85,158,0,0,0,0,0,0,0
Anser rossii,0,0,1,12,36,1,0,10,97,61,24,0
Calidris himantopus,0,0,0,0,7,50,10,24,0,117,30,0
Galerida cristata,22,16,32,14,18,35,20,20,18,12,20,7
Anthus rubescens,32,5,4,3,0,1,0,0,0,63,51,67
Lanius cristatus,0,0,0,0,0,0,0,0,10,76,138,0
Calidris pusilla,0,0,0,0,37,19,92,4,5,55,0,0
Porzana parva,0,0,0,0,34,177,0,0,0,0,0,0
Larus glaucescens,37,130,34,0,5,0,5,0,0,0,0,0
Bubo scandiacus,39,73,0,1,0,5,3,4,2,29,24,31
Limnodromus scolopaceus,5,4,2,0,45,17,23,27,28,36,23,0
Himantopus himantopus,0,0,0,146,51,8,3,0,0,0,0,0
Curruca cantillans,0,0,0,11,160,22,0,2,0,12,0,0
Anthus godlewskii,0,0,0,0,0,0,0,0,17,93,68,27
Actitis macularius,99,9,1,0,15,1,2,5,54,15,0,2
Calidris bairdii,0,0,0,0,4,0,59,0,29,109,0,0
Nycticorax nycticorax,0,0,2,3,68,68,1,0,1,54,0,1
Bucanetes githagineus,0,0,0,0,0,45,2,148,2,0,0,0
Porzana carolina,0,0,0,0,0,157,9,24,0,0,0,0
Ardeola ralloides,0,0,0,0,0,34,0,0,94,0,37,24
Glareola nordmanni,0,0,0,54,10,52,64,6,0,0,0,0
Oenanthe isabellina,0,0,0,0,0,0,0,0,25,35,119,3
Locustella lanceolata,0,0,0,0,0,38,44,1,25,71,0,0
Cyanistes cyanus,147,23,6,0,0,0,0,0,0,0,0,0
Anthus gustavi,0,0,0,0,0,0,0,0,76,98,1,0
Aix sponsa,3,1,4,45,53,11,6,13,12,14,7,3
Mareca sibilatrix,0,15,0,3,51,18,51,28,5,0,0,0
Prunella montanella,0,0,77,5,0,0,0,4,0,46,34,0
Histrionicus histrionicus,1,0,0,0,47,66,25,3,14,2,0,0
Ficedula albicollis,0,0,0,0,119,36,0,0,2,0,0,0
Sterna dougallii,0,0,0,0,0,9,151,0,0,0,0,0
Spatula discors,0,0,0,13,118,23,0,0,0,0,0,0
Cygnus atratus,8,2,38,26,16,9,21,22,4,0,0,6
Branta hutchinsii,11,8,3,5,28,9,0,2,6,66,8,2
Curruca iberiae,0,0,0,100,38,6,0,0,0,0,0,0
Acrocephalus agricola,0,0,0,0,2,26,14,15,61,19,5,0
Iduna pallida,0,0,0,0,0,1,0,18,39,63,17,0
Strix uralensis,27,3,1,0,0,1,0,0,0,44,50,7
Phylloscopus schwarzi,0,0,0,0,0,0,0,0,10,119,2,0
Ciconia nigra,0,0,0,7,54,20,11,29,2,5,0,0
Lophodytes cucullatus,11,12,5,14,20,3,0,12,23,11,15,2
Tringa semipalmata,36,15,17,0,0,0,0,0,0,30,15,13
Glareola maldivarum,0,0,0,1,41,34,0,46,0,0,0,0
Bucephala islandica,30,19,7,11,9,0,0,0,0,18,9,19
Apus pallidus,0,0,0,8,4,4,0,0,0,46,59,0
Phylloscopus bonelli,0,0,0,0,9,0,0,1,55,50,5,0
Junco hyemalis,65,2,0,1,1,0,0,0,0,0,0,44
Ardea purpurea,0,0,0,15,17,0,5,4,0,55,0,15
Lanius nubicus,0,0,0,0,0,0,0,7,0,103,0,0
Melospiza melodia,0,0,0,1,5,0,92,11,0,0,0,0
Vanellus cinereus,0,0,0,0,109,0,0,0,0,0,0,0
Puffinus mauretanicus,0,0,0,0,1,2,16,54,28,6,0,0
Sylvia nana,0,0,0,0,0,0,0,0,0,6,100,0
Ichthyaetus ichthyaetus,0,0,0,0,0,5,0,99,0,0,0,0
Iduna caligata,0,0,0,0,4,4,1,20,46,17,3,0
Chlidonias hybrida,0,0,0,0,1,12,10,10,13,48,0,0
Psittacula krameri,2,5,12,7,9,4,6,12,8,8,12,5
Tachymarptis melba,0,0,0,19,8,4,1,2,2,12,39,0
Aquila heliaca,25,25,18,0,1,0,0,0,0,0,10,6
Tetrax tetrax,0,0,0,55,1,1,0,1,25,1,1,0
Lanius phoenicuroides,0,0,0,0,8,0,0,0,1,74,0,0
Melanitta americana,0,0,0,0,16,50,5,5,3,0,0,0
Vireo olivaceus,0,0,0,0,0,0,0,0,3,74,0,0
Emberiza aureola,0,0,0,0,1,5,3,5,37,1,9,13
Leucophaeus atricilla,0,0,1,1,54,11,7,0,0,0,0,0
Muscicapa sibirica,0,0,0,0,0,0,0,0,7,66,0,0
Acrocephalus paludicola,0,0,0,0,0,0,0,64,9,0,0,0
Bucephala albeola,14,0,0,45,6,0,0,0,0,0,7,1
Calonectris diomedea,3,0,0,0,5,5,11,4,34,7,0,3
Calidris acuminata,0,0,0,0,1,7,1,30,27,0,5,0
Emberiza spodocephala,0,0,0,0,23,0,3,0,0,3,7,31
Prunella atrogularis,0,0,0,0,0,0,0,0,0,0,18,49
Tringa melanoleuca,0,0,0,0,66,0,0,0,0,0,0,0
Curruca melanocephala,0,0,0,0,2,16,1,1,31,15,0,0
Syrrhaptes paradoxus,1,0,0,0,28,6,13,8,2,4,2,0
Gypaetus barbatus,3,6,1,13,1,1,0,33,2,0,1,1
Melanitta deglandi,0,0,0,0,59,15,4,0,0,0,0,0
Phalaropus tricolor,0,0,0,0,8,42,0,12,1,0,0,0
Limnodromus griseus,0,0,0,0,0,0,1,0,0,60,0,0
Catharus minimus,0,0,0,0,0,0,0,0,0,61,0,0
Lanius isabellinus,0,0,0,0,10,1,0,0,9,28,11,0
Tyto alba,2,1,3,3,4,0,1,2,1,14,7,21
Vanellus leucurus,0,0,0,0,27,24,6,0,0,0,0,0
Calidris mauri,0,0,0,32,0,0,24,0,0,0,0,0
Calidris ruficollis,0,0,0,0,0,8,36,0,12,0,0,0
Zoothera aurea,8,1,0,1,0,0,0,0,32,13,0,0
Neophron percnopterus,0,0,0,0,44,6,2,0,0,1,0,0
Falco naumanni,0,0,0,0,50,1,1,0,0,1,0,0
Turdus eunomus,14,0,2,23,0,0,0,0,0,5,9,0
Zonotrichia albicollis,0,0,0,0,5,9,36,0,0,0,2,0
Buteo rufinus,0,0,0,0,4,0,0,3,32,7,4,0
Cecropis daurica,0,0,0,5,38,2,0,3,0,0,0,0
Tringa solitaria,0,0,0,0,0,0,2,0,0,44,0,0
Catharus ustulatus,0,0,0,0,0,0,0,0,4,41,0,0
Iduna rama,0,0,0,0,0,0,0,16,28,1,0,0
Setophaga striata,0,0,0,0,0,0,0,0,0,2,43,0
Emberiza elegans,0,4,3,1,0,0,0,0,0,0,36,0
Phoenicopterus roseus,7,0,0,0,1,10,0,2,15,0,2,6
Melanocorypha calandra,0,0,0,2,7,24,0,0,0,9,0,0
Puffinus gravis,2,4,0,0,0,0,3,3,16,9,5,0
Aquila nipalensis,1,0,0,0,3,3,4,4,0,1,23,0
Pelecanus crispus,0,0,0,0,4,19,12,1,2,0,0,0
Thalassarche melanophris,0,1,0,3,7,3,7,2,8,6,1,0
Setophaga tigrina,0,0,0,0,0,0,0,0,35,0,0,0
Ixobrychus minutus,0,0,0,0,1,5,2,0,21,0,4,0
Gallinago delicata,0,0,0,0,0,33,0,0,0,0,0,0
Melanocorypha bimaculata,0,0,0,0,2,17,0,13,1,0,0,0
Ficedula albicilla,0,0,0,0,0,0,0,0,2,0,31,0
Zonotrichia leucophrys,0,0,0,0,7,0,0,0,0,24,0,0
Glareola pratincola,0,0,0,0,9,16,5,0,0,0,0,0
Emberiza caesia,0,0,0,0,29,0,0,0,0,0,0,0
Hippolais polyglotta,0,0,0,0,6,3,0,4,14,1,1,0
Emberiza buchanani,0,0,0,0,0,0,0,29,0,0,0,0
Catharus fuscescens,0,0,0,0,0,0,0,0,0,27,0,0
Emberiza bruniceps,0,0,0,0,8,5,7,1,3,3,0,0
Turdus naumanni,2,0,0,7,0,2,0,0,1,7,4,4
Anas bahamensis,1,3,8,2,0,5,0,1,3,1,0,0
Alectoris chukar,0,1,0,4,4,3,8,2,0,1,0,0
Sylvia crassirostris,0,0,0,0,0,0,0,9,3,10,0,0
Charadrius semipalmatus,0,0,0,0,0,1,19,0,0,1,0,0
Seiurus aurocapilla,0,0,0,0,0,0,0,0,0,21,0,0
Aegypius monachus,0,0,1,0,1,0,2,0,17,0,0,0
Emberiza pallasi,0,0,0,0,20,0,0,0,0,0,0,0
Phylloscopus orientalis,0,0,0,0,12,0,0,0,7,0,0,0
Passerculus sandwichensis,0,0,0,0,0,0,0,0,0,0,19,0
Spatula cyanoptera,0,0,0,4,15,0,0,0,0,0,0,0
Anser cygnoides,0,0,1,1,0,0,0,0,8,3,4,0
Circaetus gallicus,0,0,0,0,6,2,2,6,0,0,0,0
Phoenicopterus chilensis,0,2,0,0,4,1,5,0,0,3,1,0
Pheucticus ludovicianus,0,0,0,0,1,14,0,0,0,1,0,0
Ptyonoprogne rupestris,0,0,0,0,15,0,0,0,0,0,0,0
Charadrius asiaticus,0,0,0,0,4,2,0,0,0,8,0,0
Geokichla sibirica,0,0,0,0,0,0,0,0,4,10,0,0
Pelecanus onocrotalus,0,0,0,0,0,8,0,0,3,2,0,0
Bartramia longicauda,0,0,0,0,0,0,0,0,1,9,3,0
Icterus galbula,0,0,0,0,0,0,0,0,0,13,0,0
Geothlypis trichas,0,0,0,0,0,0,0,1,0,12,0,0
Chrysolophus pictus,0,0,0,0,3,0,0,3,1,5,1,0
Charadrius mongolus,0,0,0,0,0,0,13,0,0,0,0,0
Coturnix japonica,0,0,0,0,0,0,2,10,0,0,0,0
Merops persicus,0,0,0,0,0,2,10,0,0,0,0,0
Phylloscopus nitidus,0,0,0,0,1,1,0,0,10,0,0,0
Dendrocoptes medius,0,0,0,0,0,0,0,1,0,10,0,0
Oceanodroma monorhis,0,0,0,0,0,0,1,9,0,0,0,0
Emberiza rutila,0,0,0,0,0,0,0,0,0,10,0,0
Numenius hudsonicus,0,0,0,0,0,7,3,0,0,0,0,0
Nymphicus hollandicus,0,0,2,0,1,1,2,1,0,0,1,1
Empidonax alnorum,0,0,0,0,0,0,0,0,9,0,0,0
Setophaga coronata,0,0,0,0,0,0,0,0,0,9,0,0
Charadrius vociferus,0,0,0,1,0,0,0,0,0,0,0,7
Turdus obscurus,0,0,0,0,0,0,0,0,2,5,1,0
Clamator glandarius,0,0,0,4,0,0,0,2,2,0,0,0
Somateria fischeri,0,2,0,2,0,3,0,0,0,0,0,1
Passerina amoena,0,0,0,0,2,2,1,1,0,0,2,0
Pavo cristatus,0,0,0,1,2,0,0,0,2,3,0,0
Passerina cyanea,0,0,0,0,1,0,0,0,0,0,6,0
Phylloscopus plumbeitarsus,0,0,0,0,0,0,0,0,5,2,0,0
Oenanthe hispanica,0,0,0,0,2,3,0,0,1,1,0,0
Mniotilta varia,0,0,0,0,0,0,0,0,6,0,0,0
Otus scops,0,0,0,0,2,1,0,0,0,3,0,0
Anser canagicus,0,0,4,0,1,0,0,0,1,0,0,0
Thalassarche chlororhynchos,0,0,0,3,0,1,1,0,0,0,0,0
Monticola saxatilis,0,0,0,2,1,1,0,0,0,1,0,0
Leiothlypis peregrina,0,0,0,0,0,0,0,0,0,5,0,0
Alectoris rufa,0,1,0,0,0,2,1,0,0,0,0,0
Falco cherrug,0,0,0,0,0,0,1,3,0,0,0,0
Pycnonotus leucotis,0,0,0,0,1,1,1,0,0,1,0,0
Eophona personata,0,0,0,1,0,1,0,0,0,2,0,0
Hesperiphona vespertina,0,0,0,0,4,0,0,0,0,0,0,0
Colinus virginianus,0,0,0,2,0,0,0,1,0,1,0,0
Ardeola bacchus,0,0,0,0,0,2,0,0,0,1,0,0
Phoeniconaias minor,0,0,0,1,0,0,0,0,2,0,0,0
Limosa haemastica,0,0,0,0,0,3,0,0,0,0,0,0
Cathartes aura,0,0,0,0,0,3,0,0,0,0,0,0
Molothrus ater,0,0,0,0,2,1,0,0,0,0,0,0
Cardinalis cardinalis,0,0,0,0,3,0,0,0,0,0,0,0
Irania gutturalis,0,0,0,0,1,0,0,2,0,0,0,0
Passerina ciris,0,0,0,0,0,0,0,1,0,1,1,0
Passer hispaniolensis,0,0,0,0,1,0,2,0,0,0,0,0
Thalasseus maximus,0,0,0,0,3,0,0,0,0,0,0,0
Onychoprion anaethetus,0,0,0,0,0,1,2,0,0,0,0,0
Carpodacus sibiricus,0,0,0,2,0,1,0,0,0,0,0,0
Porphyrio porphyrio,0,0,0,0,0,0,0,0,1,1,0,0
Hirundapus caudacutus,0,0,0,0,1,1,0,0,0,0,0,0
Melopsittacus undulatus,0,0,0,1,0,0,0,0,1,0,0,0
Fratercula cirrhata,0,0,0,0,1,0,1,0,0,0,0,0
Fratercula corniculata,0,0,0,0,0,0,0,2,0,0,0,0
Daption capense,0,0,0,0,2,0,0,0,0,0,0,0
Carpodacus roseus,0,0,0,1,1,0,0,0,0,0,0,0
Streptopelia roseogrisea,0,0,0,0,0,1,0,0,1,0,0,0
Bucanetes mongolicus,0,0,0,0,0,0,0,0,0,2,0,0
Otis tarda,0,0,0,1,0,0,0,0,0,0,0,0
Pelecanus rufescens,0,0,0,1,0,0,0,0,0,0,0,0
Elanus caeruleus,0,0,0,1,0,0,0,0,0,0,0,0
Gyps fulvus,0,0,0,0,1,0,0,0,0,0,0,0
Haliaeetus leucoryphus,0,0,0,0,0,0,1,0,0,0,0,0
Buteo swainsoni,0,0,0,0,1,0,0,0,0,0,0,0
Hieraaetus pennatus,0,0,0,0,1,0,0,0,0,0,0,0
Cursorius cursor,0,0,0,0,0,0,0,0,0,1,0,0
Butorides striata,0,0,0,0,0,0,0,0,1,0,0,0
Botaurus lentiginosus,0,0,0,0,0,0,0,1,0,0,0,0
Sula leucogaster,0,0,0,0,0,0,0,0,1,0,0,0
Thalassarche chrysostoma,0,0,0,1,0,0,0,0,0,0,0,0
Pterodroma mollis,0,0,0,0,0,1,0,0,0,0,0,0
Aptenodytes patagonicus,0,0,0,0,0,0,0,0,0,1,0,0
Calidris subminuta,0,0,0,0,1,0,0,0,0,0,0,0
Calidris tenuirostris,0,0,0,0,1,0,0,0,0,0,0,0
Numenius minutus,0,0,0,0,0,0,1,0,0,0,0,0
Xanthocephalus xanthocephalus,0,0,0,0,1,0,0,0,0,0,0,0
Dolichonyx oryzivorus,0,0,0,0,0,0,0,0,0,0,1,0
Pycnonotus aurigaster,0,0,0,0,0,0,0,1,0,0,0,0
Spiza americana,0,0,0,0,0,0,1,0,0,0,0,0
Emberiza chrysophrys,0,0,0,0,0,0,1,0,0,0,0,0
Phylloscopus coronatus,0,0,0,0,0,0,0,0,1,0,0,0
Euplectes afer,0,0,0,0,0,0,1,0,0,0,0,0
Coccyzus americanus,0,0,0,0,0,0,0,0,0,1,0,0
Porphyrio martinica,0,0,0,0,0,0,0,0,0,1,0,0
Oceanites oceanicus,0,0,0,0,0,0,0,0,0,0,1,0
Icterus wagleri,0,0,0,0,0,0,1,0,0,0,0,0
Passerina caerulea,0,0,0,0,0,0,1,0,0,0,0,0
Ficedula mugimaki,0,0,0,0,0,0,0,0,0,1,0,0
Prunella collaris,0,0,0,0,0,1,0,0,0,0,0,0
Agropsar sturninus,0,0,0,0,0,0,0,0,1,0,0,0
Lanius borealis,0,0,0,0,0,0,0,0,0,0,1,0
Gyps himalayensis,0,0,0,0,0,0,0,0,0,1,0,0
Dicrurus leucophaeus,0,0,0,0,0,1,0,0,0,0,0,0
