latin,norsk,svensk,status,count
Anas platyrhynchos,stokkand,gräsand,,724617
Parus major,kjøttmeis,talgoxe,,634865
Larus argentatus,gråmåke,gråtrut,VU,585951
Turdus merula,svarttrost,koltrast,,551314
Bucephala clangula,kvinand,knipa,,543456
Larus canus,fiskemåke,fiskmås,VU,535430
Cyanistes caeruleus,blåmeis,blåmes,,524466
Pica pica,skjære,skata,,473173
Fringilla coelebs,bokfink,bofink,,461142
Chloris chloris,grønnfink,grönfink,VU,445537
Motacilla alba,linerle,sädesärla,,444248
Somateria mollissima,ærfugl,ejder,VU,432356
Phalacrocorax carbo,storskarv,storskarv,NT,423326
Erithacus rubecula,rødstrupe,rödhake,,420327
Turdus pilaris,gråtrost,björktrast,,410640
Larus marinus,svartbak,havstrut,,405641
Columba palumbus,ringdue,ringduva,,392468
Sturnus vulgaris,stær,stare,NT,386917
Mergus serrator,siland,småskrake,,380258
Haematopus ostralegus,tjeld,strandskata,NT,374319
Anser anser,grågås,grågås,,370848
Ardea cinerea,gråhegre,gråhäger,,349573
Emberiza citrinella,gulspurv,gulsparv,VU,318962
Cygnus olor,knoppsvane,knölsvan,,317116
Anthus pratensis,heipiplerke,ängspiplärka,,301599
Hirundo rustica,låvesvale,ladusvala,,298612
Phylloscopus trochilus,løvsanger,lövsångare,,297862
Spinus spinus,grønnsisik,grönsiska,,293009
Passer domesticus,gråspurv,gråsparv,NT,291165
Anas crecca,krikkand,kricka,,283694
Turdus iliacus,rødvingetrost,rödvingetrast,,277515
Chroicocephalus ridibundus,hettemåke,skrattmås,CR,269060
Sitta europaea,spettmeis,nötväcka,,266887
Vanellus vanellus,vipe,tofsvipa,CR,266810
Troglodytes troglodytes,gjerdesmett,gärdsmyg,,259441
Phylloscopus collybita,gransanger,gransångare,,259516
Pyrrhula pyrrhula,dompap,domherre,,255822
Aythya fuligula,toppand,vigg,,251058
Dendrocopos major,flaggspett,större hackspett,,250378
Cygnus cygnus,sangsvane,sångsvan,,246422
Passer montanus,pilfink,pilfink,,237513
Corvus corax,ravn,korp,,233044
Acanthis flammea,gråsisik,gråsiska,,230330
Numenius arquata,storspove,storspov,EN,218692
Tringa totanus,rødstilk,rödbena,NT,210755
Mareca penelope,brunnakke,bläsand,,208257
Turdus philomelos,måltrost,taltrast,,208356
Larus fuscus,sildemåke,silltrut,,205314
Mergus merganser,laksand,storskrake,,199292
Emberiza schoeniclus,sivspurv,sävsparv,,199577
Alauda arvensis,sanglerke,sånglärka,NT,192476
Charadrius hiaticula,sandlo,större strandpipare,,190140
Sylvia atricapilla,munk,svarthätta,,190086
Actitis hypoleucos,strandsnipe,drillsnäppa,,188024
Fringilla montifringilla,bjørkefink,bergfink,,187352
Oenanthe oenanthe,steinskvett,stenskvätta,,180374
Tadorna tadorna,gravand,gravand,,174782
Accipiter nisus,spurvehauk,sparvhök,,173584
Coloeus monedula,kaie,kaja,,172389
Poecile montanus,granmeis,talltita,VU,170339
Haliaeetus albicilla,havørn,havsörn,,168478
Gallinago gallinago,enkeltbekkasin,enkelbeckasin,,163995
Carduelis carduelis,stillits,steglits,,163117
Periparus ater,svartmeis,svartmes,,160316
Regulus regulus,fuglekonge,kungsfågel,,159859
Branta canadensis,kanadagås,kanadagås,HI,159684
Melanitta fusca,sjøorre,svärta,VU,154692
Melanitta nigra,svartand,sjöorre,VU,150536
Buteo buteo,musvåk,ormvråk,,149466
Calidris alpina,myrsnipe,kärrsnäppa,,137817
Prunella modularis,jernspurv,järnsparv,,136897
Garrulus glandarius,nøtteskrike,nötskrika,,136167
Grus grus,trane,trana,,133250
Clangula hyemalis,havelle,alfågel,NT,129701
Linaria cannabina,tornirisk,hämpling,,129386
Anthus petrosus,skjærpiplerke,skärpiplärka,,129040
Tringa nebularia,gluttsnipe,gluttsnäppa,,128653
Apus apus,tårnseiler,tornseglare,NT,127935
Pluvialis apricaria,heilo,ljungpipare,NT,125629
Gavia stellata,smålom,smålom,,121356
Gulosus aristotelis,toppskarv,toppskarv,,102243
Picus viridis,grønnspett,gröngöling,,102177
Delichon urbicum,taksvale,hussvala,NT,101853
Anser brachyrhynchus,kortnebbgås,spetsbergsgås,,101057
Ficedula hypoleuca,svarthvit fluesnapper,svartvit flugsnappare,,100648
Sterna hirundo,makrellterne,fisktärna,EN,100306
Podiceps auritus,horndykker,svarthakedopping,VU,99226
Podiceps cristatus,toppdykker,skäggdopping,,96781
Columba livia,bydue,klippduva,,96145
Falco tinnunculus,tårnfalk,tornfalk,,93401
Branta leucopsis,hvitkinngås,vitkindad gås,,92098
Curruca communis,tornsanger,törnsångare,,87853
Saxicola rubetra,buskskvett,buskskvätta,,86768
Gavia arctica,storlom,storlom,,86609
Fulica atra,sothøne,sothöna,VU,84655
Cepphus grylle,teist,tobisgrissla,NT,83405
Bombycilla garrulus,sidensvans,sidensvans,,82890
Sylvia borin,hagesanger,trädgårdssångare,,83080
Coccothraustes coccothraustes,kjernebiter,stenknäck,,82590
Motacilla cinerea,vintererle,forsärla,,81850
Loxia curvirostra,grankorsnebb,mindre korsnäbb,,80994
Certhia familiaris,trekryper,trädkrypare,,80653
Motacilla flava,gulerle,gulärla,,79822
Anthus trivialis,trepiplerke,trädpiplärka,,78825
Streptopelia decaocto,tyrkerdue,turkduva,NT,78156
Cinclus cinclus,fossekall,strömstare,,77285
Poecile palustris,løvmeis,entita,,76878
Falco peregrinus,vandrefalk,pilgrimsfalk,,75027
Calidris pugnax,brushane,brushane,VU,74183
Riparia riparia,sandsvale,backsvala,VU,73445
Morus bassanus,havsule,havssula,,68854
Dryocopus martius,svartspett,spillkråka,,68214
Cuculus canorus,gjøk,gök,NT,68291
Tringa glareola,grønnstilk,grönbena,,67116
Curruca curruca,møller,ärtsångare,,66825
Scolopax rusticola,rugde,morkulla,,66674
Astur gentilis,hønsehauk,duvhök,VU,64202
Muscicapa striata,gråfluesnapper,grå flugsnappare,,63837
Tringa ochropus,skogsnipe,skogssnäppa,,63519
Uria aalge,lomvi,sillgrissla,CR,63012
Rissa tridactyla,krykkje,tretåig mås,EN,61069
Lophophanes cristatus,toppmeis,tofsmes,,60632
Linaria flavirostris,bergirisk,vinterhämpling,,57727
Limosa lapponica,lappspove,myrspov,,57718
Numenius phaeopus,småspove,småspov,NT,57492
Strix aluco,kattugle,kattuggla,,57405
Turdus viscivorus,duetrost,dubbeltrast,,54762
Anas acuta,stjertand,stjärtand,VU,54321
Phoenicurus phoenicurus,rødstjert,rödstjärt,,54351
Alca torda,alke,tordmule,VU,54042
Circus aeruginosus,sivhauk,brun kärrhök,NT,51880
Buteo lagopus,fjellvåk,fjällvråk,,50938
Nucifraga caryocatactes,nøttekråke,nötkråka,,49625
Pandion haliaetus,fiskeørn,fiskgjuse,VU,49646
Calidris maritima,fjæreplytt,skärsnäppa,,48853
Dryobates minor,dvergspett,mindre hackspett,,48475
Acrocephalus schoenobaenus,sivsanger,sävsångare,,46428
Aegithalos caudatus,stjertmeis,stjärtmes,,45925
Corvus frugilegus,kornkråke,råka,VU,45859
Sterna paradisaea,rødnebbterne,silvertärna,,45714
Turdus torquatus,ringtrost,ringtrast,,44798
Falco columbarius,dvergfalk,stenfalk,,44387
Aythya marila,bergand,bergand,EN,43943
Gavia immer,islom,svartnäbbad islom,,43571
Plectrophenax nivalis,snøspurv,snösparv,,43201
Lyrurus tetrix,orrfugl,orre,,42986
Tachybaptus ruficollis,dvergdykker,smådopping,EN,41240
Columba oenas,skogdue,skogsduva,,40888
Calidris canutus,polarsnipe,kustsnäppa,,40642
Arenaria interpres,steinvender,roskarl,NT,39975
Lanius excubitor,varsler,varfågel,,39473
Acrocephalus scirpaceus,rørsanger,rörsångare,,39201
Hippolais icterina,gulsanger,härmsångare,,38918
Gallinula chloropus,sivhøne,rörhöna,VU,36581
Acrocephalus palustris,myrsanger,kärrsångare,,36790
Stercorarius parasiticus,tyvjo,kustlabb,VU,36249
Spatula clypeata,skjeand,skedand,VU,35213
Luscinia svecica,blåstrupe,blåhake,,35283
Lanius collurio,tornskate,törnskata,,35167
Lagopus lagopus,lirype,dalripa,,32649
Rallus aquaticus,vannrikse,vattenrall,VU,30806
Jynx torquilla,vendehals,göktyta,,30326
Pluvialis squatarola,tundralo,kustpipare,,28984
Picus canus,gråspett,gråspett,,28768
Calidris minuta,dvergsnipe,småsnäppa,,28184
Mareca strepera,snadderand,snatterand,NT,27911
Larus hyperboreus,polarmåke,vittrut,,27681
Thinornis dubius,dverglo,mindre strandpipare,VU,26980
Mergellus albellus,lappfiskand,salskrake,VU,26657
Alle alle,alkekonge,alkekung,,25892
Circus cyaneus,myrhauk,blå kärrhök,EN,25551
Calidris alba,sandløper,sandlöpare,,24181
Fulmarus glacialis,havhest,stormfågel,EN,23510
Surnia ulula,haukugle,hökuggla,,23170
Podiceps grisegena,gråstrupedykker,gråhakedopping,,23148
Calidris temminckii,temmincksnipe,mosnäppa,,23015
Luscinia luscinia,nattergal,näktergal,NT,22715
Tringa erythropus,sotsnipe,svartsnäppa,,22380
Limosa limosa,svarthalespove,rödspov,CR,21724
Anser albifrons,tundragås,bläsgås,,21161
Calcarius lapponicus,lappspurv,lappsparv,EN,20835
Carpodacus erythrinus,rosenfink,rosenfink,NT,20970
Phasianus colchicus,fasan,fasan,LO,20807
Corvus corone,kråke,kråka,,688258
Phylloscopus sibilatrix,bøksanger,grönsångare,,20260
Loxia pytyopsittacus,furukorsnebb,större korsnäbb,,19724
Asio flammeus,jordugle,jorduggla,,18303
Aythya ferina,taffeland,brunand,,17877
Tetrao urogallus,storfugl,tjäder,,17653
Somateria spectabilis,praktærfugl,praktejder,,17631
Saxicola rubicola,svartstrupe,svarthakad buskskvätta,EN,17386
Falco subbuteo,lerkefalk,lärkfalk,NT,17273
Calidris ferruginea,tundrasnipe,spovsnäppa,,17008
Stercorarius skua,storjo,storlabb,,16659
Anser fabalis,taigasædgås,tajgasädgås,EN,15545
Branta bernicla,ringgås,prutgås,,15342
Spatula querquedula,knekkand,årta,EN,15266
Glaucidium passerinum,spurveugle,sparvuggla,,15098
Coturnix coturnix,vaktel,vaktel,VU,14765
Fratercula arctica,lunde,lunnefågel,EN,14653
Aquila chrysaetos,kongeørn,kungsörn,,14612
Lagopus muta,fjellrype,fjällripa,,14516
Larus glaucoides,grønlandsmåke,vitvingad trut,,14407
Perisoreus infaustus,lavskrike,lavskrika,,13718
Lymnocryptes minimus,kvartbekkasin,dvärgbeckasin,,13562
Gavia adamsii,gulnebblom,vitnäbbad islom,VU,13571
Aegolius funereus,perleugle,pärluggla,,13071
Caprimulgus europaeus,nattravn,nattskärra,,13083
Pinicola enucleator,konglebit,tallbit,NT,12851
Picoides tridactylus,tretåspett,tretåig hackspett,NT,12632
Dendrocopos leucotos,hvitryggspett,vitryggig hackspett,,11979
Hydrocoloeus minutus,dvergmåke,dvärgmås,VU,11671
Pernis apivorus,vepsevåk,bivråk,NT,11414
Phalaropus lobatus,svømmesnipe,smalnäbbad simsnäppa,NT,11225
Eremophila alpestris,fjellerke,berglärka,,10950
Crex crex,åkerrikse,kornknarr,CR,10544
Locustella naevia,gresshoppesanger,gräshoppsångare,NT,10549
Asio otus,hornugle,hornuggla,,10450
Tetrastes bonasia,jerpe,järpe,,9843
Panurus biarmicus,skjeggmeis,skäggmes,EN,9675
Acanthis hornemanni,polarsisik,,,9595
Phylloscopus inornatus,gulbrynsanger,tajgasångare,,9556
Loxia leucoptera,båndkorsnebb,bändelkorsnäbb,VU,9296
Stercorarius longicaudus,fjelljo,fjällabb,,8870
Eudromias morinellus,boltit,fjällpipare,,8815
Phoenicurus ochruros,svartrødstjert,svart rödstjärt,EN,8446
Ardea alba,egretthegre,ägretthäger,,7776
Anser serrirostris,tundrasædgås,tundrasädgås,VU,7673
Lullula arborea,trelerke,trädlärka,NT,7620
Aix galericulata,mandarinand,mandarinand,LO,6946
Alcedo atthis,isfugl,kungsfiskare,,6623
Anthus cervinus,lappiplerke,rödstrupig piplärka,,6349
Thalasseus sandvicensis,splitterne,kentsk tärna,,5862
Anser indicus,stripegås,stripgås,LO,5205
Falco rusticolus,jaktfalk,jaktfalk,VU,5156
Polysticta stelleri,stellerand,alförrädare,VU,5088
Stercorarius pomarinus,polarjo,bredstjärtad labb,,5015
Phalaropus fulicarius,polarsvømmesnipe,brednäbbad simsnäppa,,4745
Curruca nisoria,hauksanger,höksångare,CR,4717
Porzana porzana,myrrikse,småfläckig sumphöna,EN,4602
Uria lomvia,polarlomvi,spetsbergsgrissla,CR,4267
Hydrobates pelagicus,havsvale,stormsvala,,4143
Calidris falcinellus,fjellmyrløper,myrsnäppa,NT,3704
Acrocephalus dumetorum,busksanger,busksångare,,3572
Anthus richardi,tartarpiplerke,större piplärka,,3477
Pagophila eburnea,ismåke,ismås,,3470
Egretta garzetta,silkehegre,silkeshäger,,3392
Emberiza pusilla,dvergspurv,dvärgsparv,VU,3272
Cygnus columbianus,dvergsvane,mindre sångsvan,,3128
Puffinus puffinus,havlire,mindre lira,,2898
Gallinago media,dobbeltbekkasin,dubbelbeckasin,NT,2866
Melanitta perspicillata,brilleand,vitnackad svärta,,2849
Streptopelia turtur,turteldue,turturduva,,2846
Ardenna grisea,grålire,grålira,,2766
Poecile cinctus,lappmeis,lappmes,,2764
Ficedula parva,dvergfluesnapper,mindre flugsnappare,,2642
Anser caerulescens,snøgås,snögås,LO,2585
Milvus milvus,rødglente,röd glada,,2591
Circus macrourus,steppehauk,stäpphök,,2386
Anas carolinensis,amerikakrikkand,amerikansk kricka,,2177
Anser erythropus,dverggås,fjällgås,CR,2112
Pastor roseus,rosenstær,rosenstare,,2074
Upupa epops,hærfugl,härfågel,,2069
Calidris melanotos,alaskasnipe,tuvsnäppa,,2056
Locustella fluviatilis,elvesanger,flodsångare,,1981
Ichthyaetus melanocephalus,svartehavsmåke,svarthuvad mås,,1944
Aythya collaris,ringand,ringand,,1886
Ciconia ciconia,stork,vit stork,,1855
Tadorna ferruginea,rustand,rostand,,1666
Acrocephalus arundinaceus,trostesanger,trastsångare,,1620
Regulus ignicapilla,rødtoppfuglekonge,brandkronad kungsfågel,,1586
Recurvirostra avosetta,avosett,skärfläcka,,1560
Mareca americana,amerikablesand,amerikansk bläsand,,1555
Chlidonias niger,svartterne,svarttärna,,1415
Phylloscopus borealis,lappsanger,nordsångare,EN,1378
Larus delawarensis,ringnebbmåke,ringnäbbad mås,,1370
Motacilla citreola,sitronerle,citronärla,,1351
Larus cachinnans,kaspimåke,kaspisk trut,,1341
Xema sabini,sabinemåke,tärnmås,,1259
Emberiza hortulana,hortulan,ortolansparv,CR,1160
Milvus migrans,svartglente,brun glada,,1131
Botaurus stellaris,rørdrum,rördrom,,1130
Anthus spinoletta,vannpiplerke,vattenpiplärka,,1106
Calandrella brachydactyla,dverglerke,korttålärka,,1097
Anthus hodgsoni,sibirpiplerke,sibirisk piplärka,,1016
Hydroprogne caspia,rovterne,skräntärna,,999
Oriolus oriolus,pirol,sommargylling,,967
Branta ruficollis,rødhalsgås,rödhalsad gås,,960
Locustella luscinioides,sumpsanger,vassångare,,984
Ardea ibis,kuhegre,kohäger,,911
Sternula albifrons,dvergterne,småtärna,,875
Falco vespertinus,aftenfalk,aftonfalk,,954
Turdus atrogularis,svartstrupetrost,svarthalsad trast,,813
Netta rufina,rødhodeand,rödhuvad dykand,,806
Streptopelia orientalis,mongolturteldue,större turturduva,,792
Saxicola maurus,asiasvartstrupe,vitgumpad buskskvätta,,768
Emberiza leucocephalos,hvithodespurv,tallsparv,,722
Bubo bubo,hubro,berguv,EN,718
Strix nebulosa,lappugle,lappuggla,VU,708
Platalea leucorodia,skjestork,skedstork,,732
Chlidonias leucopterus,hvitvingesvartterne,vitvingad tärna,,674
Perdix perdix,rapphøne,rapphöna,RE,658
Emberiza calandra,kornspurv,kornsparv,RE,658
Podiceps nigricollis,svarthalsdykker,svarthalsad dopping,,648
Serinus serinus,gulirisk,gulhämpling,,634
Alopochen aegyptiaca,niland,nilgås,SE,631
Oenanthe deserti,ørkensteinskvett,ökenstenskvätta,,626
Phylloscopus proregulus,fuglekongesanger,kungsfågelsångare,,608
Emberiza rustica,vierspurv,videsparv,CR,603
Hydrobates leucorhous,stormsvale,klykstjärtad stormsvala,VU,596
Merops apiaster,bieter,biätare,,594
Lanius senator,rødhodevarsler,rödhuvad törnskata,,563
Larus michahellis,gulbeinmåke,medelhavstrut,,547
Circus pygargus,enghauk,ängshök,,545
Calidris subruficollis,rustsnipe,prärielöpare,,539
Sibirionetta formosa,gulkinnand,gulkindad kricka,,541
Melanitta stejnegeri,sibirsjøorre,sibirisk knölsvärta,,515
Tarsiger cyanurus,blåstjert,tajgablåstjärt,,513
Phylloscopus trochiloides,østsanger,lundsångare,,486
Tringa flavipes,gulbeinsnipe,mindre gulbena,,481
Rhodostethia rosea,rosenmåke,rosenmås,,478
Phylloscopus fuscatus,brunsanger,brunsångare,,471
Larus smithsonianus,amerikagråmåke,kanadatrut,,467
Phylloscopus humei,blekbrynsanger,bergtajgasångare,,467
Calidris fuscicollis,bonapartesnipe,vitgumpsnäppa,,451
Lanius minor,rosenvarsler,svartpannad törnskata,,445
Burhinus oedicnemus,triel,tjockfot,,440
Pluvialis fulva,sibirlo,sibirisk tundrapipare,,429
Gavia pacifica,amerikastorlom,stillahavslom,,415
Podilymbus podiceps,ringnebbdykker,tjocknäbbad dopping,,383
Chroicocephalus philadelphia,kanadahettemåke,trädmås,,407
Oenanthe pleschanka,svartstrupesteinskvett,nunnestenskvätta,,380
Luscinia megarhynchos,sørnattergal,sydnäktergal,,380
Cairina moschata,knoppand,myskand,NK,343
Tringa stagnatilis,damsnipe,dammsnäppa,,341
Anarhynchus leschenaultii,ørkenlo,ökenpipare,,331
Pluvialis dominica,kanadalo,amerikansk tundrapipare,,326
Remiz pendulinus,pungmeis,pungmes,,325
Plegadis falcinellus,bronseibis,bronsibis,,316
Leucophaeus pipixcan,franklinmåke,präriemås,,311
Gelochelidon nilotica,sandterne,sandtärna,,286
Anarhynchus alexandrinus,hvitbrystlo,svartbent strandpipare,,286
Aythya affinis,purpurhodeand,mindre bergand,,277
Xenus cinereus,tereksnipe,tereksnäppa,,275
Anthus campestris,markpiplerke,fältpiplärka,,270
Coracias garrulus,blåråke,blåkråka,,268
Anas rubripes,rødfotand,svartand,,266
Oxyura jamaicensis,stivhaleand,amerikansk kopparand,LO,264
Motacilla tschutschensis,østgulerle,östlig gulärla,,257
Emberiza melanocephala,svarthodespurv,svarthuvad sparv,,257
Aythya nyroca,hvitøyeand,vitögd dykand,,244
Anser rossii,eskimogås,dvärgsnögås,,242
Calidris himantopus,styltesnipe,styltsnäppa,,238
Galerida cristata,topplerke,tofslärka,RE,234
Anthus rubescens,kanadapiplerke,hedpiplärka,,226
Lanius cristatus,brunvarsler,brun törnskata,,224
Calidris pusilla,sandsnipe,sandsnäppa,,212
Zapornia parva,sumprikse,mindre sumphöna,,211
Larus glaucescens,gråvingemåke,gråvingad trut,,211
Bubo scandiacus,snøugle,fjälluggla,CR,211
Limnodromus scolopaceus,langnebbekkasinsnipe,större beckasinsnäppa,,210
Himantopus himantopus,stylteløper,styltlöpare,,208
Curruca cantillans,rødsmekkesanger,rödstrupig sångare,,207
Anthus godlewskii,mongolpiplerke,mongolpiplärka,,205
Actitis macularius,flekksnipe,fläckdrillsnäppa,,203
Calidris bairdii,gulbrystsnipe,gulbröstad snäppa,,201
Nycticorax nycticorax,natthegre,natthäger,,198
Bucanetes githagineus,trompetfink,ökentrumpetare,,197
Porzana carolina,maskerikse,karolinasumphöna,,190
Ardeola ralloides,topphegre,rallhäger,,189
Glareola nordmanni,steppebrakksvale,svartvingad vadarsvala,,186
Oenanthe isabellina,isabellasteinskvett,isabellastenskvätta,,182
Locustella lanceolata,stripesanger,träsksångare,,179
Cyanistes cyanus,asurmeis,azurmes,,176
Anthus gustavi,tundrapiplerke,tundrapiplärka,,175
Aix sponsa,brudeand,brudand,LO,172
Mareca sibilatrix,sørblesand,chilebläsand,LO,171
Prunella montanella,sibirjernspurv,sibirisk järnsparv,,166
Histrionicus histrionicus,harlekinand,strömand,,158
Ficedula albicollis,halsbåndfluesnapper,halsbandsflugsnappare,,157
Sterna dougallii,rosenterne,rosentärna,,160
Spatula discors,blåvingeand,blåvingad årta,,154
Cygnus atratus,svartsvane,svart svan,LO,152
Branta hutchinsii,polargås,polargås,,148
Curruca iberiae,rødbrystsanger,rostsångare,,144
Acrocephalus agricola,åkersanger,fältsångare,,142
Iduna pallida,bleksanger,eksångare,,138
Strix uralensis,slagugle,slaguggla,EN,133
Phylloscopus schwarzi,viersanger,videsångare,,131
Ciconia nigra,svartstork,svart stork,,128
Lophodytes cucullatus,hjelmfiskand,kamskrake,LO,128
Tringa semipalmata,willetsnipe,willet,,126
Glareola maldivarum,orientbrakksvale,orientvadarsvala,,122
Bucephala islandica,islandsand,islandsknipa,,122
Apus pallidus,gråseiler,blek tornseglare,,121
Phylloscopus bonelli,eikesanger,bergsångare,,120
Junco hyemalis,vinterjunko,mörkögd junco,,113
Ardea purpurea,purpurhegre,purpurhäger,,111
Lanius nubicus,hvitpannevarsler,masktörnskata,,110
Melospiza melodia,sangspurv,sångsparv,,109
Vanellus cinereus,gråhodevipe,gråhuvad vipa,,109
Puffinus mauretanicus,balearlire,balearisk lira,,107
Curruca nana,ørkensanger,ökensångare,,106
Ichthyaetus ichthyaetus,steppemåke,svarthuvad trut,,104
Iduna caligata,tartarsanger,stäppsångare,,95
Chlidonias hybrida,hvitkinnsvartterne,skäggtärna,,94
Psittacula krameri,halsbåndparakitt,halsbandsparakit,LO,90
Tachymarptis melba,alpeseiler,alpseglare,,87
Aquila heliaca,keiserørn,kejsarörn,,85
Tetrax tetrax,dvergtrappe,småtrapp,,85
Lanius phoenicuroides,rødhalevarsler,turkestantörnskata,,83
Melanitta americana,amerikasvartand,amerikansk sjöorre,,79
Vireo olivaceus,rødøyevireo,rödögd vireo,,77
Emberiza aureola,sibirspurv,gyllensparv,,74
Leucophaeus atricilla,lattermåke,sotvingad mås,,74
Muscicapa sibirica,gråflankefluesnapper,sibirisk flugsnappare,,73
Acrocephalus paludicola,vannsanger,vattensångare,,73
Bucephala albeola,bøffeland,buffelhuvud,,73
Calonectris diomedea,poseidonlire,scopolilira,,72
Calidris acuminata,spisshalesnipe,spetsstjärtad snäppa,,71
Emberiza spodocephala,gråhodespurv,gråhuvad sparv,,67
Prunella atrogularis,svartstrupejernspurv,svartstrupig järnsparv,,67
Tringa melanoleuca,plystresnipe,större gulbena,,66
Curruca melanocephala,svarthodesanger,sammetshätta,,66
Syrrhaptes paradoxus,steppehøne,stäppflyghöna,,64
Gypaetus barbatus,lammegribb,lammgam,,62
Melanitta deglandi,amerikasjøorre,amerikansk knölsvärta,,78
Phalaropus tricolor,hvithalesvømmesnipe,wilsonsimsnäppa,,63
Limnodromus griseus,kortnebbekkasinsnipe,mindre beckasinsnäppa,,61
Catharus minimus,gråkinnskogtrost,gråkindad skogstrast,,61
Lanius isabellinus,isabellavarsler,isabellatörnskata,,59
Tyto alba,tårnugle,tornuggla,,59
Vanellus leucurus,sumpvipe,sumpvipa,,57
Calidris mauri,beringsnipe,tundrasnäppa,,56
Calidris ruficollis,rødstrupesnipe,rödhalsad snäppa,,56
Zoothera aurea,gulltrost,guldtrast,,55
Neophron percnopterus,åtselgribb,smutsgam,,53
Falco naumanni,rødfalk,rödfalk,,53
Turdus eunomus,svartflekktrost,bruntrast,,53
Zonotrichia albicollis,hvitstrupespurv,vitstrupig sparv,,52
Buteo rufinus,ørnvåk,örnvråk,,50
Cecropis daurica,tempelsvale,rostgumpsvala,,48
Tringa solitaria,eremittsnipe,amerikansk skogssnäppa,,46
Catharus ustulatus,brunkinnskogtrost,beigekindad skogstrast,,45
Iduna rama,ramasanger,saxaulsångare,,45
Setophaga striata,svarthetteparula,vitkindad skogssångare,,45
Emberiza elegans,gulstrupespurv,praktsparv,,44
Phoenicopterus roseus,rosenflamingo,större flamingo,,43
Melanocorypha calandra,kalanderlerke,kalanderlärka,,42
Ardenna gravis,storlire,större lira,,42
Aquila nipalensis,steppeørn,stäppörn,,39
Pelecanus crispus,krøllpelikan,krushuvad pelikan,,38
Thalassarche melanophris,svartbrynalbatross,svartbrynad albatross,,38
Setophaga tigrina,brunkinnparula,brunkindad skogssångare,,35
Botaurus minutus,dvergrørdrum,dvärgrördrom,,33
Gallinago delicata,kanadabekkasin,wilsonbeckasin,,33
Melanocorypha bimaculata,fjellkalanderlerke,asiatisk kalanderlärka,,33
Ficedula albicilla,taigafluesnapper,tajgaflugsnappare,,33
Zonotrichia leucophrys,hvitkronespurv,vitkronad sparv,,31
Glareola pratincola,brakksvale,rödvingad vadarsvala,,30
Emberiza caesia,rustspurv,rostsparv,,29
Hippolais polyglotta,spottesanger,polyglottsångare,,29
Emberiza buchanani,rødbrystspurv,bergortolan,,29
Catharus fuscescens,viriskogtrost,rostskogstrast,,27
Emberiza bruniceps,brunhodespurv,stäppsparv,,27
Turdus naumanni,rødflekktrost,rödtrast,,27
Anas bahamensis,hvitkinnand,bahamaand,LO,24
Alectoris chukar,berghøne,berghöna,LO,23
Curruca crassirostris,mestersanger,mästersångare,,22
Charadrius semipalmatus,amerikasandlo,flikstrandpipare,,21
Seiurus aurocapilla,ovnparula,brandkronad skogssångare,,21
Aegypius monachus,munkegribb,grågam,,21
Emberiza pallasi,krattspurv,dvärgsävsparv,,20
Phylloscopus orientalis,furusanger,balkansångare,,19
Passerculus sandwichensis,musespurv,grässparv,,19
Spatula cyanoptera,kaneland,kanelårta,LO,19
Anser cygnoides,svanegås,svangås,LO,17
Circaetus gallicus,slangeørn,ormörn,,16
Phoenicopterus chilensis,chileflamingo,chileflamingo,,16
Pheucticus ludovicianus,rosenbrysttykknebb,brokig kardinal,,16
Ptyonoprogne rupestris,klippesvale,klippsvala,,15
Anarhynchus asiaticus,rødbrystlo,kaspisk pipare,,14
Geokichla sibirica,sibirtrost,sibirisk trast,,14
Pelecanus onocrotalus,hvitpelikan,vit pelikan,,13
Bartramia longicauda,præriesnipe,piparsnäppa,,13
Icterus galbula,lundtrupial,baltimoretrupial,,13
Geothlypis trichas,nordgulstrupe,gulhake,,13
Chrysolophus pictus,gullfasan,guldfasan,,13
Anarhynchus mongolus,kamtsjatkalo,kamtjatkapipare,,13
Coturnix japonica,engvaktel,japansk vaktel,HI,12
Merops persicus,blåkinnbieter,grön biätare,,12
Phylloscopus nitidus,einersanger,kaukasisk lundsångare,,12
Dendrocoptes medius,mellomspett,mellanspett,,11
Hydrobates monorhis,japanstormsvale,koreastormsvala,,10
Emberiza rutila,kastanjespurv,rödbrun sparv,,10
Numenius hudsonicus,tundraspove,amerikansk småspov,,10
Nymphicus hollandicus,nymfekakadu,nymfparakit,,9
Empidonax alnorum,oreempid,alempid,,9
Setophaga coronata,myrteparula,myrtenskogssångare,,9
Charadrius vociferus,tobeltelo,skrikstrandpipare,,8
Turdus obscurus,gråstrupetrost,gråhalsad trast,,8
Clamator glandarius,skjæregjøk,skatgök,,8
Somateria fischeri,brilleærfugl,glasögonejder,,8
Passerina amoena,lazulispurv,lazulikardinal,,8
Pavo cristatus,indiapåfugl,påfågel,,8
Passerina cyanea,indigospurv,turkoskardinal,,7
Phylloscopus plumbeitarsus,ospesanger,sibirisk lundsångare,,7
Oenanthe hispanica,punersteinskvett,västlig medelhavsstenskvätta,,7
Mniotilta varia,klatreparula,svartvit skogssångare,,6
Otus scops,dverghornugle,dvärguv,,6
Anser canagicus,keisergås,kejsargås,LO,6
Thalassarche chlororhynchos,gulnesealbatross,mindre albatross,,5
Monticola saxatilis,steintrost,stentrast,,5
Leiothlypis peregrina,møllparula,tennesseeskogssångare,,5
Alectoris rufa,rødhøne,rödhöna,NK,4
Falco cherrug,tartarfalk,tatarfalk,LO,4
Pycnonotus leucotis,hvitørebylbyl,vitkindad bulbyl,,4
Eophona personata,gråkjernebiter,större maskstenknäck,,4
Hesperiphona vespertina,gulbrynkjernebiter,aftonstenknäck,,4
Colinus virginianus,nordkrattvaktel,virginiavaktel,,4
Ardeola bacchus,vinhegre,bacchushäger,,3
Phoeniconaias minor,dvergflamingo,mindre flamingo,,3
Limosa haemastica,svartvingespove,hudsonspov,,3
Cathartes aura,kalkunkondor,kalkongam,,3
Molothrus ater,brunhodetrupial,brunhuvad kostare,,3
Cardinalis cardinalis,rødkardinal,röd kardinal,,3
Irania gutturalis,hvitstrupenattergal,vitstrupig näktergal,,3
Passerina ciris,pavespurv,påvekardinal,,3
Passer hispaniolensis,middelhavsspurv,spansk sparv,,3
Thalasseus maximus,kongeterne,kungstärna,,3
Onychoprion anaethetus,tøyleterne,tygeltärna,,3
Carpodacus sibiricus,langhalefink,långstjärtad rosenfink,,3
Porphyrio porphyrio,sultanhøne,västlig purpurhöna,,2
Hirundapus caudacutus,pigghaleseiler,taggstjärtseglare,,2
Melopsittacus undulatus,undulat,undulat,,2
Fratercula cirrhata,topplunde,tofslunne,,2
Fratercula corniculata,hornlunde,hornlunne,,2
Daption capense,flekkpetrell,brokpetrell,,2
Carpodacus roseus,karminfink,sibirisk rosenfink,,2
Streptopelia roseogrisea,saheldue,skrattduva,,2
Bucanetes mongolicus,steinfink,mongolfink,,2
Otis tarda,stortrappe,stortrapp,,1
Pelecanus rufescens,rosenpelikan,rosaryggig pelikan,,1
Elanus caeruleus,svartvingeglente,svartvingad glada,,1
Gyps fulvus,gåsegribb,gåsgam,,1
Haliaeetus leucoryphus,båndhavørn,bandhavsörn,,1
Buteo swainsoni,prærievåk,prärievråk,NK,1
Hieraaetus pennatus,dvergørn,dvärgörn,,1
Cursorius cursor,ørkenløper,ökenlöpare,,1
Butorides striata,krabbehegre,mangrovehäger,,1
Botaurus lentiginosus,amerikarørdrum,amerikansk rördrom,,1
Sula leucogaster,brunsule,brunsula,,1
Thalassarche chrysostoma,gråhodealbatross,gråhuvad albatross,,1
Pterodroma mollis,silkepetrell,sammetspetrell,,1
Aptenodytes patagonicus,kongepingvin,kungspingvin,,1
Calidris subminuta,langtåsnipe,långtåsnäppa,,1
Calidris tenuirostris,sibirsnipe,kolymasnäppa,,1
Numenius minutus,dvergspove,dvärgspov,,1
Xanthocephalus xanthocephalus,gulhodetrupial,gulhuvad ängstrupial,,1
Dolichonyx oryzivorus,bobolink,bobolink,,1
Pycnonotus aurigaster,sothettebylbyl,sothuvad bulbyl,,1
Spiza americana,sisselspurv,dickcissel,,1
Emberiza chrysophrys,gulbrynspurv,gulbrynad sparv,,1
Phylloscopus coronatus,østkronsanger,östlig kronsångare,,1
Euplectes afer,gulkronebisp,gulkronad eldvävare,,1
Coccyzus americanus,gulnebbgjøk,gulnäbbad regngök,,1
Porphyrio martinica,amerikapurpurhøne,amerikansk sultanhöna,,1
Oceanites oceanicus,oseanstormsvale,havslöpare,,1
Icterus wagleri,svartgumptrupial,svartgumpad trupial,,1
Passerina caerulea,blåtykknebb,blåkardinal,,1
Ficedula mugimaki,mugimakifluesnapper,mugimakiflugsnappare,,1
Prunella collaris,alpejernspurv,alpjärnsparv,,1
Agropsar sturninus,mandsjuriastær,amurstare,,1
Lanius borealis,borealvarsler,beringvarfågel,,1
Gyps himalayensis,himalayagribb,snögam,,1
Dicrurus leucophaeus,askedrongo,grå drongo,,1
