svensk,latin,status,count,norsk
talgoxe,Parus major,,1305934,kjøttmeis
gräsand,Anas platyrhynchos,,1271932,stokkand
koltrast,Turdus merula,,1195929,svarttrost
blåmes,Cyanistes caeruleus,,1143198,blåmeis
sångsvan,Cygnus cygnus,,1134372,sangsvane
ormvråk,Buteo buteo,,1132442,musvåk
grågås,Anser anser,,1111532,grågås
knipa,Bucephala clangula,,1084648,kvinand
bofink,Fringilla coelebs,,1079467,bokfink
ringduva,Columba palumbus,,1013233,ringdue
större hackspett,Dendrocopos major,,960401,flaggspett
havsörn,Haliaeetus albicilla,,920344,havørn
rödhake,Erithacus rubecula,,867608,rødstrupe
knölsvan,Cygnus olor,,862864,knoppsvane
grönfink,Chloris chloris,VU,862504,grønnfink
sädesärla,Motacilla alba,NT,862361,linerle
tofsvipa,Vanellus vanellus,VU,852182,vipe
trana,Grus grus,,842696,trane
skata,Pica pica,,829022,skjære
fiskmås,Larus canus,,823619,fiskemåke
kricka,Anas crecca,NT,820133,krikkand
nötväcka,Sitta europaea,,818749,spettmeis
kanadagås,Branta canadensis,SE,816241,kanadagås
gråhäger,Ardea cinerea,,796130,gråhegre
stare,Sturnus vulgaris,VU,794665,stær
skrattmås,Chroicocephalus ridibundus,NT,784055,hettemåke
storskrake,Mergus merganser,,781159,laksand
björktrast,Turdus pilaris,NT,767471,gråtrost
kaja,Coloeus monedula,,729527,kaie
korp,Corvus corax,,722164,ravn
vigg,Aythya fuligula,,721806,toppand
gulsparv,Emberiza citrinella,NT,720690,gulspurv
gråtrut,Larus argentatus,VU,718198,gråmåke
storskarv,Phalacrocorax carbo,,704700,storskarv
gärdsmyg,Troglodytes troglodytes,,692782,gjerdesmett
lövsångare,Phylloscopus trochilus,,685017,løvsanger
domherre,Pyrrhula pyrrhula,,671163,dompap
steglits,Carduelis carduelis,,662480,stillits
brun kärrhök,Circus aeruginosus,,661911,sivhauk
grönsiska,Spinus spinus,,651366,grønnsisik
ladusvala,Hirundo rustica,NT,645738,låvesvale
bläsand,Mareca penelope,NT,618345,brunnakke
sånglärka,Alauda arvensis,,604481,sanglerke
sparvhök,Accipiter nisus,,601551,spurvehauk
gransångare,Phylloscopus collybita,,587487,gransanger
tornfalk,Falco tinnunculus,,576962,tårnfalk
skäggdopping,Podiceps cristatus,,562494,toppdykker
pilfink,Passer montanus,,560387,pilfink
sävsparv,Emberiza schoeniclus,,559813,sivspurv
sothöna,Fulica atra,,545178,sothøne
svarthätta,Sylvia atricapilla,,516971,munk
ängspiplärka,Anthus pratensis,,515686,heipiplerke
enkelbeckasin,Gallinago gallinago,NT,513025,enkeltbekkasin
taltrast,Turdus philomelos,,511256,måltrost
vitkindad gås,Branta leucopsis,,505757,hvitkinngås
storspov,Numenius arquata,EN,500422,storspove
strandskata,Haematopus ostralegus,NT,479111,tjeld
rödbena,Tringa totanus,,478698,rødstilk
nötskrika,Garrulus glandarius,,475426,nøtteskrike
gröngöling,Picus viridis,,464067,grønspett
gluttsnäppa,Tringa nebularia,,463675,gluttsnipe
kungsfågel,Regulus regulus,,457039,fuglekonge
gråsiska,Acanthis flammea,,452976,gråsisik
snatterand,Mareca strepera,,450937,snadderand
röd glada,Milvus milvus,,427155,glente
grönbena,Tringa glareola,,426688,grønnstilk
kärrsnäppa,Calidris alpina,,426596,myrsnipe
spillkråka,Dryocopus martius,,426228,svartspett
rödvingetrast,Turdus iliacus,NT,422514,rødvingetrost
större strandpipare,Charadrius hiaticula,,421144,sandlo
havstrut,Larus marinus,EN,419123,svartbak
fisktärna,Sterna hirundo,,418330,makrellterne
tornseglare,Apus apus,VU,412780,tårnsejler
bergfink,Fringilla montifringilla,,412108,bjørkefink
skedand,Spatula clypeata,,412028,skjeand
ejder,Somateria mollissima,EN,411126,ærfugl
storlom,Gavia arctica,,404459,storlom
fiskgjuse,Pandion haliaetus,,386300,fiskeørn
brushane,Calidris pugnax,VU,384999,brushane
stenknäck,Coccothraustes coccothraustes,,383024,kjernebiter
småskrake,Mergus serrator,,382883,siland
entita,Poecile palustris,NT,380512,løvmeis
sidensvans,Bombycilla garrulus,,379603,sidensvans
stenskvätta,Oenanthe oenanthe,,378365,steinskvett
svartvit flugsnappare,Ficedula hypoleuca,,375716,svarthvit fluesnapper
svartmes,Periparus ater,,370167,svartmeis
skogssnäppa,Tringa ochropus,,364910,skogsnipe
drillsnäppa,Actitis hypoleucos,NT,357667,strandsnipe
trädkrypare,Certhia familiaris,,355509,trekryper
fjällvråk,Buteo lagopus,,355198,fjellvåk
gråsparv,Passer domesticus,,353192,gråspurv
gulärla,Motacilla flava,,352158,gulerle
hämpling,Linaria cannabina,,349191,tornirisk
gök,Cuculus canorus,,347773,gjøk
skogsduva,Columba oenas,,346340,skogdue
rödstjärt,Phoenicurus phoenicurus,,338582,rødstjert
dubbeltrast,Turdus viscivorus,,332040,duetrost
trädpiplärka,Anthus trivialis,,326342,trepiplerke
gravand,Tadorna tadorna,NT,326189,gravand
trädgårdssångare,Sylvia borin,,321277,hagesanger
klippduva,Columba livia,,314593,
stjärtmes,Aegithalos caudatus,,314292,stjertmeis
järnsparv,Prunella modularis,NT,309258,jernspurv
talltita,Poecile montanus,NT,306284,granmeis
hussvala,Delichon urbicum,VU,306185,taksvale
buskskvätta,Saxicola rubetra,,301221,buskskvett
salskrake,Mergellus albellus,,291525,lappfiskand
sjöorre,Melanitta nigra,,290226,svartand
mindre hackspett,Dryobates minor,NT,288917,dvergspett
ljungpipare,Pluvialis apricaria,,287144,heilo
blå kärrhök,Circus cyaneus,VU,278488,myrhauk
näktergal,Luscinia luscinia,,274802,nattergal
varfågel,Lanius excubitor,,271852,varsler
fasan,Phasianus colchicus,HI,268243,fasan
stjärtand,Anas acuta,EN,266408,stjertand
mindre korsnäbb,Loxia curvirostra,,262827,grankorsnebb
kattuggla,Strix aluco,,260877,kattugle
tofsmes,Lophophanes cristatus,,256883,toppmeis
silltrut,Larus fuscus,NT,256205,sildemåke
lärkfalk,Falco subbuteo,,250495,lerkefalk
brunand,Aythya ferina,EN,247546,taffeland
törnskata,Lanius collurio,,245005,tornskate
svarthakedopping,Podiceps auritus,,241371,horndykker
rörhöna,Gallinula chloropus,,239890,sivhøne
rörsångare,Acrocephalus scirpaceus,NT,236902,rørsanger
bläsgås,Anser albifrons,,235574,tundragås
forsärla,Motacilla cinerea,,235508,vintererle
smådopping,Tachybaptus ruficollis,,233273,dvergdykker
svartsnäppa,Tringa erythropus,NT,229128,sotsnipe
råka,Corvus frugilegus,,225266,kornkråke
sävsångare,Acrocephalus schoenobaenus,,223819,sivsanger
svärta,Melanitta fusca,,218004,sjøorre
vattenrall,Rallus aquaticus,,213805,vannrikse
grå flugsnappare,Muscicapa striata,,212795,grå fluesnapper
smålom,Gavia stellata,,211905,smålom
morkulla,Scolopax rusticola,,209696,rugde
pilgrimsfalk,Falco peregrinus,VU,209093,vandrefalk
turkduva,Streptopelia decaocto,NT,208857,tyrkerdue
gråhakedopping,Podiceps grisegena,NT,201849,gråstrupedykker
grönsångare,Phylloscopus sibilatrix,NT,189891,bøksanger
gulsångare,Hippolais icterina,,188322,gulsanger
dvärgmås,Hydrocoloeus minutus,,184448,dvergmåke
kustpipare,Pluvialis squatarola,,177998,tundralo
strömstare,Cinclus cinclus,,177551,fossekall
myrspov,Limosa lapponica,VU,174526,lappspove
alfågel,Clangula hyemalis,NT,174157,havelle
silvertärna,Sterna paradisaea,,171802,rødnebbterne
kärrsångare,Acrocephalus palustris,,170402,myrsanger
skräntärna,Hydroprogne caspia,NT,168038,rovterne
skärfläcka,Recurvirostra avosetta,,162294,avosett
ägretthäger,Ardea alba,NT,161798,egretthegre
rördrom,Botaurus stellaris,NT,157364,rørdrum
göktyta,Jynx torquilla,NT,153982,vendehals
bivråk,Pernis apivorus,NT,153616,vepsevåk
nötkråka,Nucifraga caryocatactes,NT,153296,nøttekråke
orre,Lyrurus tetrix,,153083,orrfugl
backsvala,Riparia riparia,EN,151613,sandsvale
trädlärka,Lullula arborea,,151386,trelerke
rosenfink,Carpodacus erythrinus,NT,146845,rosenfink
årta,Spatula querquedula,EN,140924,knekkand
stenfalk,Falco columbarius,,139689,dvergfalk
bergand,Aythya marila,VU,135542,bergand
småspov,Numenius phaeopus,,133065,småspove
kentsk tärna,Thalasseus sandvicensis,NT,130197,splitterne
kustsnäppa,Calidris canutus,,127408,polarsnipe
snösparv,Plectrophenax nivalis,,127299,snøspurv
skäggmes,Panurus biarmicus,,125169,skjeggmeis
gräshoppsångare,Locustella naevia,VU,123209,gresshoppesanger
mosnäppa,Calidris temminckii,NT,121938,temmincksnipe
vinterhämpling,Linaria flavirostris,NT,115947,bergirisk
prutgås,Branta bernicla,,115644,ringgås
tobisgrissla,Cepphus grylle,,115365,teist
spovsnäppa,Calidris ferruginea,,113239,tundrasnipe
skärpiplärka,Anthus petrosus,,111685,skjærpiplerke
tjäder,Tetrao urogallus,,111525,storfugl
spetsbergsgås,Anser brachyrhynchus,,111269,kortnebbgås
kungsfiskare,Alcedo atthis,NT,110693,isfugl
tordmule,Alca torda,,110325,alke
kungsörn,Aquila chrysaetos,NT,110033,kongeørn
gråspett,Picus canus,,109449,gråspett
svart rödstjärt,Phoenicurus ochruros,VU,107055,svartrødstjert
blåhake,Luscinia svecica,NT,101475,blåstrupe
sillgrissla,Uria aalge,,91973,lomvi
hornuggla,Asio otus,EN,91277,hornugle
småsnäppa,Calidris minuta,,90970,dvergsnipe
rödspov,Limosa limosa,EN,90051,svarthalespove
kornknarr,Crex crex,EN,89812,åkerrikse
kustlabb,Stercorarius parasiticus,VU,89650,tyvjo
tretåig hackspett,Picoides tridactylus,NT,88529,tretåspett
svarttärna,Chlidonias niger,VU,87773,svartterne
nattskärra,Caprimulgus europaeus,,87477,nattravn
roskarl,Arenaria interpres,EN,87331,steinvender
småtärna,Sternula albifrons,EN,86407,dvergterne
vaktel,Coturnix coturnix,,79881,vaktel
sparvuggla,Glaucidium passerinum,NT,79828,spurveugle
större korsnäbb,Loxia pytyopsittacus,,78508,furukorsnebb
rapphöna,Perdix perdix,,76238,rapphøne
tallbit,Pinicola enucleator,,75150,konglebit
mindre sångsvan,Cygnus columbianus,,70431,dvergsvane
ringtrast,Turdus torquatus,,70196,ringtrost
havssula,Morus bassanus,,68886,havsule
jorduggla,Asio flammeus,NT,64677,jordugle
järpe,Tetrastes bonasia,,62374,jerpe
pärluggla,Aegolius funereus,EN,61239,perleugle
mindre flugsnappare,Ficedula parva,,60278,dvergfluesnapper
skärsnäppa,Calidris maritima,,59574,fjæreplytt
lappsparv,Calcarius lapponicus,,57096,lappspurv
sandlöpare,Calidris alba,,56543,sandløper
trastsångare,Acrocephalus arundinaceus,VU,54879,trostesanger
lavskrika,Perisoreus infaustus,NT,53179,lavskrike
dvärgbeckasin,Lymnocryptes minimus,,52616,kvartbekkasin
kaspisk trut,Larus cachinnans,,48877,kaspimåke
tretåig mås,Rissa tridactyla,EN,48117,krykkje
vit stork,Ciconia ciconia,EN,47868,stork
brun glada,Milvus migrans,EN,47501,svartglente
myrsnäppa,Calidris falcinellus,VU,47462,fjellmyrløper
hökuggla,Surnia ulula,VU,46062,haukugle
ängshök,Circus pygargus,EN,45192,enghauk
småfläckig sumphöna,Porzana porzana,VU,43351,myrrikse
rödstrupig piplärka,Anthus cervinus,EN,42048,lappiplerke
ortolansparv,Emberiza hortulana,CR,41956,hortulan
bändelkorsnäbb,Loxia leucoptera,,40633,
västlig svarthakad buskskvätta,Saxicola rubicola,NT,40310,
brandkronad kungsfågel,Regulus ignicapilla,,40205,rødtoppfuglekonge
smalnäbbad simsnäppa,Phalaropus lobatus,VU,39925,svømmesnipe
halsbandsflugsnappare,Ficedula albicollis,,39492,halsbåndfluesnapper
flodsångare,Locustella fluviatilis,NT,39280,elvesanger
fjällgås,Anser erythropus,EN,38159,dverggås
busksångare,Acrocephalus dumetorum,NT,33107,busksanger
stäpphök,Circus macrourus,,31046,steppehauk
berglärka,Eremophila alpestris,EN,30219,fjellerke
sommargylling,Oriolus oriolus,EN,27028,pirol
dalripa,Lagopus lagopus,,26822,lirype
svarthalsad dopping,Podiceps nigricollis,EN,26265,svarthalsdykker
kråka,Corvus corone,,26103,
pungmes,Remiz pendulinus,CR,24727,pungmeis
fjällabb,Stercorarius longicaudus,,24416,fjelljo
tundrasädgås,Anser serrirostris,,24054,
vassångare,Locustella luscinioides,EN,23787,sumpsanger
dubbelbeckasin,Gallinago media,,23198,dobbeltbekkasin
aftonfalk,Falco vespertinus,,22623,aftenfalk
gulhämpling,Serinus serinus,EN,22617,gulirisk
taigasångare,Phylloscopus inornatus,,21594,gulbrynsanger
videsparv,Emberiza rustica,,21134,vierspurv
mandarinand,Aix galericulata,LO,21117,mandarinand
lundsångare,Phylloscopus trochiloides,VU,21002,østsanger
kornsparv,Emberiza calandra,EN,19618,kornspurv
lappuggla,Strix nebulosa,VU,18929,lappugle
stripgås,Anser indicus,LO,18805,stripegås
slaguggla,Strix uralensis,,17632,slagugle
stormfågel,Fulmarus glacialis,,17584,havhest
bredstjärtad labb,Stercorarius pomarinus,,16542,polarjo
rödhalsad gås,Branta ruficollis,,16382,rødhalsgås
härfågel,Upupa epops,RE,15854,hærfugl
storlabb,Stercorarius skua,,15750,storjo
alkekung,Alle alle,,15237,alkekonge
vittrut,Larus hyperboreus,,15230,polarmåke
svarthuvad mås,Ichthyaetus melanocephalus,,14478,svartehavsmåke
praktejder,Somateria spectabilis,,14453,praktærfugl
berguv,Bubo bubo,VU,14443,hubro
fältpiplärka,Anthus campestris,CR,13144,markpiplerke
lappmes,Poecile cinctus,NT,13106,lappmeis
alförrädare,Polysticta stelleri,,12831,stellerand
fjällripa,Lagopus muta,,12284,fjellrype
turturduva,Streptopelia turtur,,12242,turteldue
citronärla,Motacilla citreola,,12084,sitronerle
vattenpiplärka,Anthus spinoletta,,11902,vannpiplerke
kungsfågelsångare,Phylloscopus proregulus,,11140,fuglekongesanger
rödhuvad dykand,Netta rufina,,10346,røhodeand
jaktfalk,Falco rusticolus,EN,10281,jaktfalk
tuvsnäppa,Calidris melanotos,,10160,alaskasnipe
dammsnäppa,Tringa stagnatilis,,9751,damsnipe
vitnäbbad islom,Gavia adamsii,,8967,gulnebblom
svartnäbbad islom,Gavia immer,,8852,islom
dvärgsparv,Emberiza pusilla,VU,8438,dvergspurv
vitvingad tärna,Chlidonias leucopterus,,8392,hvitvingesvartterne
skedstork,Platalea leucorodia,,8234,skjestork
silkeshäger,Egretta garzetta,,8207,silkehegre
biätare,Merops apiaster,,7831,bieter
rostand,Tadorna ferruginea,,7789,rustand
nilgås,Alopochen aegyptiaca,SE,7673,
svart stork,Ciconia nigra,RE,7489,svartstork
trädgårdsträdkrypare,Certhia brachydactyla,EN,7463,kortklotrekryper
vitvingad trut,Larus glaucoides,,7141,grønlandsmåke
brednäbbad simsnäppa,Phalaropus fulicarius,,6906,polarsvømmesnipe
snögås,Anser caerulescens,LO,6694,snøgås
större piplärka,Anthus richardi,,6502,tartarpiplerke
ringand,Aythya collaris,,6458,ringand
amerikansk bläsand,Mareca americana,,6249,amerikablesand
medelhavstrut,Larus michahellis,,5966,gulbeinmåke
prärielöpare,Calidris subruficollis,,5925,rustsnipe
lunnefågel,Fratercula arctica,RE,5887,lunde
svartpannad törnskata,Lanius minor,,5482,rosenvarsler
tofslärka,Galerida cristata,RE,5477,topplerke
stäppörn,Aquila nipalensis,,5293,steppeørn
sydnäktergal,Luscinia megarhynchos,,5032,sørlig nattergal
rosenstare,Pastor roseus,,5020,rosenstær
blåstjärt,Tarsiger cyanurus,VU,4821,blåstjert
bergstaigasångare,Phylloscopus humei,,4761,blekbrynsanger
brunsångare,Phylloscopus fuscatus,,4756,brunsanger
större turturduva,Streptopelia orientalis,,4683,mongolturteldue
vitgumpad buskskvätta,Saxicola maurus,,4515,
svarthalsad trast,Turdus atrogularis,,4409,taigatrost
mindre lira,Puffinus puffinus,,4276,havlire
tärnmås,Xema sabini,,4180,sabinemåke
korttålärka,Calandrella brachydactyla,,4176,dverglerke
tereksnäppa,Xenus cinereus,,4155,tereksnipe
vitnackad svärta,Melanitta perspicillata,,3962,brilleand
rödhuvad törnskata,Lanius senator,,3822,rødhodevarsler
bronsibis,Plegadis falcinellus,,3790,bronseibis
vitögd dykand,Aythya nyroca,,3702,hviøyeand
blåvingad årta,Spatula discors,,3267,blåvingeand
större beckasinsnäppa,Limnodromus scolopaceus,,3216,langnebbebekkasinsnipe
svart svan,Cygnus atratus,LO,3199,
styltlöpare,Himantopus himantopus,,3126,stylteløper
sibirisk tundrapipare,Pluvialis fulva,,3073,sibirlo
tjockfot,Burhinus oedicnemus,,2791,triel
ökenstenskvätta,Oenanthe deserti,,2783,ørkensteinskvett
fjälluggla,Bubo scandiacus,RE,2624,snøugle
nunnestenskvätta,Oenanthe pleschanka,,2503,svartstrupesteinskvett
svartvingad vadarsvala,Glareola nordmanni,,2470,steppebrakksvale
ringnäbbad mås,Larus delawarensis,,2415,ringnebbmåke
blåkråka,Coracias garrulus,RE,2331,blåråke
nordsångare,Phylloscopus borealis,EN,2272,lappsanger
svartand,Anas rubripes,,2152,rødfotand
isabellastenskvätta,Oenanthe isabellina,,2103,steppesteinskvett
sibirisk järnsparv,Prunella montanella,,2054,sibirjernspurv
amerikansk kopparand,Oxyura jamaicensis,LO,1986,
svartvingad glada,Elanus caeruleus,,1986,svartvingeglente
skäggtärna,Chlidonias hybrida,,1982,hvitkinnsvartterne
kejsarörn,Aquila heliaca,,1945,keiserørn
ormörn,Circaetus gallicus,,1930,slangeørn
vitgumpsnäppa,Calidris fuscicollis,,1794,bonapartsnipe
baltimoretrupial,Icterus galbula,,1787,
natthäger,Nycticorax nycticorax,,1777,natthegre
videsångare,Phylloscopus schwarzi,,1723,viersanger
mindre bergand,Aythya affinis,,1656,purpurhodeand
mindre gulbena,Tringa flavipes,,1656,gulbeinsnipe
rallhäger,Ardeola ralloides,,1632,topphegre
dvärgkanadagås,Branta hutchinsii,LO,1512,
amerikansk sjöorre,Melanitta americana,,1467,
mongolpiplärka,Anthus godlewskii,,1444,mongolpiplerke
cettisångare,Cettia cetti,,1431,cettisanger
sibirisk piplärka,Anthus hodgsoni,,1403,sibirpiplerke
wilsonbeckasin,Gallinago delicata,,1400,
större gulbena,Tringa melanoleuca,,1396,plystresnipe
gulkindad kricka,Sibirionetta formosa,,1358,gulkinnand
gulbrynad sparv,Emberiza chrysophrys,,1254,
blek tornseglare,Apus pallidus,,1232,gråsejler
småtrapp,Tetrax tetrax,,1209,dvergtrappe
ismås,Pagophila eburnea,,1201,ismåke
vitryggig hackspett,Dendrocopos leucotos,CR,1184,hvitryggspett
stäppsångare,Iduna caligata,,1168,tartarsanger
krushuvad pelikan,Pelecanus crispus,,1145,
stäppvipa,Vanellus gregarius,,1141,steppevibe
brudand,Aix sponsa,LO,1122,brudeand
tallsparv,Emberiza leucocephalos,,1096,hvithodespurv
dvärgsnögås,Anser rossii,LO,1091,eskimogås
sandtärna,Gelochelidon nilotica,,1084,sandterne
iberisk gransångare,Phylloscopus ibericus,,1076,
rödvingad vadarsvala,Glareola pratincola,,1075,brakksvale
fläckdrillsnäppa,Actitis macularius,,1021,flekksnipe
sumpvipa,Vanellus leucurus,,1014,sumpvibe
rödfalk,Falco naumanni,,1011,rødfalk
amerikansk tundrapipare,Pluvialis dominica,,1005,kanadalo
rosenmås,Rhodostethia rosea,,978,rosenmåke
rödstrupig sångare,Curruca cantillans,,966,
kamskrake,Lophodytes cucullatus,LO,965,
gulbröstad snäppa,Calidris bairdii,,953,gulbrystsnipe
eremitibis,Geronticus eremita,,929,
bruntrast,Turdus eunomus,,916,
dvärgspov,Numenius minutus,,892,dvergspove
purpurhäger,Ardea purpurea,,883,purpurhegre
dvärgörn,Hieraaetus pennatus,,873,dvergørn
östlig gulärla,Motacilla tschutschensis,,870,
polyglottsångare,Hippolais polyglotta,,851,spottesanger
amerikansk piplärka,Anthus rubescens,,829,
svartstrupig järnsparv,Prunella atrogularis,,826,svartstrupejernspurv
rödhalsad snäppa,Calidris ruficollis,,815,rødstrupesnipe
mellanspett,Dendrocoptes medius,RE,813,mellomspett
sammetshätta,Curruca melanocephala,,787,svarthodesanger
orientvadarsvala,Glareola maldivarum,,784,orientbrakksvale
rostsparv,Emberiza caesia,,755,rustspurv
tornuggla,Tyto alba,RE,741,tårnugle
örnvråk,Buteo rufinus,,723,ørnvåk
gråhuvad vipa,Vanellus cinereus,,673,
träsksångare,Locustella lanceolata,,673,stripesanger
svarthuvad sparv,Emberiza melanocephala,,657,svarhodespurv
spetsstjärtad duva,Zenaida macroura,,655,
gåsgam,Gyps fulvus,,626,gåsegribb
alpjärnsparv,Prunella collaris,,595,alpejernspurv
gråhuvad sparv,Emberiza spodocephala,,567,
stormsvala,Hydrobates pelagicus,,564,havsvale
bergsångare,Phylloscopus bonelli,,563,bonellisanger
klippsvala,Ptyonoprogne rupestris,,561,klippesvale
halsbandsparakit,Psittacula krameri,HI,536,
styltsnäppa,Calidris himantopus,,507,styltesnipe
fältsångare,Acrocephalus agricola,,477,åkersanger
spetsstjärtad snäppa,Calidris acuminata,,454,spisshalesnipe
isabellatörnskata,Lanius isabellinus,,453,
svartbrynad albatross,Thalassarche melanophris,,441,svartbrynalbatross
trädmås,Chroicocephalus philadelphia,,438,kanadahettemåke
spetsbergsgrissla,Uria lomvia,,435,polarlomvi
moltonisångare,Curruca subalpina,,416,
ökentrumpetare,Bucanetes githagineus,,407,trompeterfink
tundrasparv,Spizelloides arborea,,406,
häcksparv,Emberiza cirlus,,403,hekkspurv
gyllensparv,Emberiza aureola,,398,sibirspurv
kolymasnäppa,Calidris tenuirostris,,389,sibirsnipe
stensvala,Petrochelidon pyrrhonota,,389,
eksångare,Iduna pallida,,380,bleksanger
praktand,Mareca falcata,LO,366,sibirand
Wilsonsimsnäppa,Phalaropus tricolor,,362,hvithalesvømmesnipe
hudsonspov,Limosa haemastica,,360,hudsonspove
dvärgskarv,Microcarbo pygmaeus,,351,dvergskarv
balkansångare,Phylloscopus orientalis,,346,furusanger
rostsångare,Curruca iberiae,,335,
rödhöna,Alectoris rufa,LO,335,
stillahavslom,Gavia pacifica,,327,
smutsgam,Neophron percnopterus,,313,åtselgribb
svangås,Anser cygnoides,LO,309,
dvärgsnäppa,Calidris minutilla,,294,
tundrasnäppa,Calidris mauri,,289,beringsnipe
skatgök,Clamator glandarius,,284,skjæregjøk
kalanderlärka,Melanocorypha calandra,,280,kalanderlerke
asiatisk kalanderlärka,Melanocorypha bimaculata,,265,fjellkalanderlerke
dvärguv,Otus scops,,264,dverghornugle
piparsnäppa,Bartramia longicauda,,256,præriesnipe
hökörn,Aquila fasciata,,250,
kejsargås,Anser canagicus,LO,239,keisergås
nordlig karminbiätare,Merops nubicus,,239,
orientseglare,Apus pacificus,,238,gaffelseiler
vattensångare,Acrocephalus paludicola,,238,vannsanger
alpkaja,Pyrrhocorax graculus,,222,
mongolfink,Bucanetes mongolicus,,195,
svarthuvad trut,Ichthyaetus ichthyaetus,,195,
beigekindad skogstrast,Catharus ustulatus,,187,brunkinnskogstrost
sotvingad mås,Leucophaeus atricilla,,187,lattermåke
större flamingo,Phoenicopterus roseus,,187,
östlig lundsångare,Phylloscopus plumbeitarsus,,181,
stentrast,Monticola saxatilis,,170,steintrost
rödtrast,Turdus naumanni,,169,
buffelhuvud,Bucephala albeola,NK,158,
brunsula,Sula leucogaster,,145,
bahamasand,Anas bahamensis,LO,144,
grässångare,Cisticola juncidis,,142,gress-sanger
gulgrå sparv,Emberiza cineracea,,142,
azurmes,Cyanistes cyanus,,141,asurmeis
alpseglare,Tachymarptis melba,,139,alpseiler
tatarfalk,Falco cherrug,LO,139,tatarfalk
tygeltärna,Onychoprion anaethetus,,139,tøyleterne
klippsparv,Emberiza cia,,130,bergspurv
kungsfasan,Syrmaticus reevesii,,128,
amurfalk,Falco amurensis,,124,
brun törnskata,Lanius cristatus,,122,
grön biätare,Merops persicus,,122,blåkinnbieter
eleonorafalk,Falco eleonorae,,118,eleonorafalk
chileflamingo,Phoenicopterus chilensis,,116,
chilebläsand,Mareca sibilatrix,LO,115,
kanelårta,Spatula cyanoptera,LO,115,kaneland
Karolinasumphöna,Porzana carolina,,114,karolinarikse
långnäbbad mås,Chroicocephalus genei,,105,smalnebbmåke
vitstrupig näktergal,Irania gutturalis,,104,hvitstrupenattergal
kaukasisk lundsångare,Phylloscopus nitidus,,100,
saxaulsångare,Iduna rama,,97,ramasanger
gråhalsad trast,Turdus obscurus,,94,gråstrupetrost
berghöna,Alectoris chukar,LO,88,
skorstensseglare,Chaetura pelagica,,86,skorsteinsseiler
rosaryggad pelikan,Pelecanus rufescens,,85,
helig ibis,Threskiornis aethiopicus,HI,84,
jättehavsörn,Haliaeetus pelagicus,,80,
präriemås,Leucophaeus pipixcan,,80,franklinmåke
dvärgsävsparv,Emberiza pallasi,,78,
gulnäbbad kricka,Anas flavirostris,LO,69,
tofskarakara,Caracara plancus,,68,
spansk sparv,Passer hispaniolensis,,63,
sångsparv,Melospiza melodia,,60,
australisk rostand,Tadorna tadornoides,LO,56,
långstjärtad rosenfink,Carpodacus sibiricus,,46,langhalefink
paradisgravand,Tadorna variegata,NK,45,
långtåsnäppa,Calidris subminuta,,43,langtåsnipe
forsrödstjärt,Phoenicurus fuliginosus,,37,
mörkögd junco,Junco hyemalis,,37,
taggstjärtseglare,Hirundapus caudacutus,,36,pigghaleseiler
stäppflyghöna,Syrrhaptes paradoxus,,35,steppehøne
tempelsvala,Cecropis daurica,,35,
svartlärka,Melanocorypha yeltoniensis,,32,svartlerke
amerikansk skogssnäppa,Tringa solitaria,,31,eremittsnipe
guldtrast,Zoothera aurea,,31,gulltrost
brun majna,Acridotheres tristis,LO,30,
kafferseglare,Apus caffer,,29,
beringvarfågel,Lanius borealis,,25,
masktörnskata,Lanius nubicus,,25,hvitpannevarsler
vit pelikan,Pelecanus onocrotalus,,25,hvitpelikan
lammgam,Gypaetus barbatus,,24,
praktsparv,Emberiza elegans,,24,
slagfalk,Falco biarmicus,LO,23,
mindre beckasinsnäppa,Limnodromus griseus,,22,
mindre flamingo,Phoeniconaias minor,,22,
blåtrast,Monticola solitarius,,21,blåtrost
stortrapp,Otis tarda,RE,19,stortrappe
diamantfasan,Chrysolophus amherstiae,,18,
kragtrapp,Chlamydotis macqueenii,,17,kragetrappe
guldfasan,Chrysolophus pictus,,16,
sandsnäppa,Calidris pusilla,,16,sandsnipe
kaveldunsångare,Acrocephalus melanopogon,,15,
munkparakit,Myiopsitta monachus,LO,15,
japansk vaktel,Coturnix japonica,LO,14,
brokig kardinal,Pheucticus ludovicianus,,13,rosenbrysttykknebb
karibisk flamingo,Phoenicopterus ruber,,13,
svartryggad rödstjärt,Phoenicurus auroreus,,13,
vandringstrast,Turdus migratorius,,12,vandretrost
vitstrupig sparv,Zonotrichia albicollis,,12,hvitstrupespurv
sottärna,Onychoprion fuscatus,,11,sotterne
mindre maskstenknäck,Eophona migratoria,,10,orientkjernebiter
grågam,Aegypius monachus,,9,
gråhuvad rostand,Tadorna cana,,9,
gråsnäppa,Tringa brevipes,,9,sibirvandresnipe
rosentärna,Sterna dougallii,,9,rosenterne
kalkongam,Cathartes aura,,8,
kastanjekricka,Anas castanea,,8,
eremitskogstrast,Catharus guttatus,,7,eremittskogstrost
rostgumpad törnskata,Lanius schach,,7,rustgumpvarsler
sibirisk trast,Geokichla sibirica,,7,sibirtrost
klippkaja,Coloeus dauuricus,,6,mongolkaie
taigagök,Cuculus optatus,,6,
ängssparv,Emberiza cioides,,6,
taigaflugsnappare,Ficedula albicilla,,5,
tundrapiplärka,Anthus gustavi,,5,tundrapiplerke
vithövdad havsörn,Haliaeetus leucocephalus,,5,
ökenlöpare,Cursorius cursor,,5,ørkenløper
östlig kronsångare,Phylloscopus coronatus,,5,
grönryggad häger,Butorides virescens,,4,
indigofink,Passerina cyanea,,4,
islandsknipa,Bucephala islandica,,4,
kapand,Anas capensis,LO,4,
macchiasångare,Iduna opaca,,4,maurersanger
rödkindad sparv,Emberiza fucata,,4,
sibirisk rosenfink,Carpodacus roseus,,4,
strömand,Histrionicus histrionicus,,4,harlekinand
stubbstjärtseglare,Apus affinis,,4,småseiler
dvärgsångare,Phylloscopus neglectus,,3,persersanger
kanadatrut,Larus smithsonianus,,3,
medelhavslira,Puffinus yelkouan,,3,
ökennattskärra,Caprimulgus aegyptius,,3,egyptisk nattravn
alpkråka,Pyrrhocorax pyrrhocorax,,2,
bergortolan,Emberiza buchanani,,2,
kärrtärna,Sterna forsteri,,2,prærieterne
minervauggla,Athene noctua,,2,kirkeugle
papegojalka,Aethia psittacula,,2,papegøyealke
rödhalsad trast,Turdus ruficollis,,2,
rödnäbbad trut,Ichthyaetus audouinii,,2,
större maskstenknäck,Eophona personata,,2,gråkjernebiter
svartvit kråka,Corvus albus,,2,
sydpolslabb,Stercorarius maccormicki,,2,
tofslunne,Fratercula cirrhata,,2,topplunde
balkanflugsnappare,Ficedula semitorquata,,1,
balkanspett,Dendrocopos syriacus,,1,
blåtjocknäbb,Passerina caerulea,,1,
flikstrandpipare,Charadrius semipalmatus,,1,
fläckskogstrast,Hylocichla mustelina,,1,
garfågel,Pinguinus impennis,,1,
guineatärna,Thalasseus albididorsalis,,1,
kopparand,Oxyura leucocephala,,1,
olivsångare,Hippolais olivetorum,,1,
palmduva,Spilopelia senegalensis,,1,palmedue
rostskogstrast,Catharus fuscescens,,1,veeryskogstrost
rödögd vireo,Vireo olivaceus,,1,
sibirisk beckasin,Gallinago stenura,,1,
stäppsparv,Emberiza bruniceps,,1,
svart buskskvätta,Saxicola caprata,,1,
svartstare,Sturnus unicolor,,1,
vitkronad sparv,Zonotrichia leucophrys,,1,
abdimstork,Ciconia abdimii,,0,
alexanderparakit,Psittacula eupatria,LO,0,
amerikansk brunand,Aythya americana,,0,
amerikansk rördrom,Botaurus lentiginosus,,0,
amerikansk sothöna,Fulica americana,,0,
amsterdamalbatross,Diomedea amsterdamensis,,0,
amurstare,Agropsar sturninus,,0,
antipodalbatross,Diomedea antipodensis,,0,
bacchushäger,Ardeola bacchus,,0,
balkanhök,Tachyspiza brevipes,,0,
bandhavsörn,Haliaeetus leucoryphus,,0,
beigekindad and,Callonetta leucophrys,LO,0,
blågul ara,Ara ararauna,,0,
blåhäger,Egretta caerulea,,0,
blåkindad glansstare,Lamprotornis chalybaeus,,0,
blånäktergal,Larvivora cyane,,0,
bobolink,Dolichonyx oryzivorus,,0,
bredstjärtad paradisänka,Vidua obtusa,,0,
brunstrupig backsvala,Riparia paludicola,,0,
desertapetrell,Pterodroma deserta,,0,
dominikaneränka,Vidua macroura,,0,
duvhök,Astur gentilis,NT,0,hønsehauk
dvärglira,Puffinus assimilis,,0,
dvärgrördrom,Botaurus minutus,,0,dvergrørdrum
dvärgsumphöna,Zapornia pusilla,,0,dvergrikse
fjällpipare,Eudromias morinellus,,0,boltit
fregattstormsvala,Pelagodroma marina,,0,
glasögonejder,Somateria fischeri,,0,
glasögonflugsnappare,Muscicapa dauurica,,0,brun fluesnapper
glasögonsångare,Curruca conspicillata,,0,
grå lira,Ardenna grisea,,0,grålire
gråkindad skogstrast,Catharus minimus,,0,
gulgumpad skogssångare,Setophaga coronata,,0,
gulhuvad ängstrupial,Xanthocephalus xanthocephalus,,0,
gulnäbbad regngök,Coccyzus americanus,,0,
halsbandsstenknäck,Mycerobas affinis,,0,
havslöpare,Oceanites oceanicus,,0,
herdesångare,Curruca hortensis,,0,
hispaniolakorsnäbb,Loxia megaplaga,,0,
huskråka,Corvus splendens,LO,0,
höksångare,Curruca nisoria,VU,0,hauksanger
iltärna,Thalasseus bengalensis,,0,
jungfrutrana,Grus virgo,,0,jomfrutrane
kamtjatkapipare,Anarhynchus mongolus,,0,
kanariesiska,Serinus canaria,,0,
kapverdepetrell,Pterodroma feae,,0,
kaspisk pipare,Anarhynchus asiaticus,,0,
kinesisk majna,Acridotheres cristatellus,,0,
klykstjärtad stormsvala,Hydrobates leucorhous,,0,stormsvale
kungstärna,Thalasseus maximus,,0,
lazulikardinal,Passerina amoena,,0,
madeirapetrell,Pterodroma madeira,,0,
mangrovehäger,Butorides atricapilla,,0,
medelhavsdvärglärka,Alaudala rufescens,,0,
messångare,Setophaga americana,,0,
mindre maskvävare,Ploceus intermedius,,0,
mindre skrikörn,Clanga pomarina,,0,småskrikeørn
mindre strandpipare,Thinornis dubius,,0,dverglo
mindre sumphöna,Zapornia parva,,0,sumprikse
mindre sånglärka,Alauda gulgula,,0,
mugimakiflugsnappare,Ficedula mugimaki,,0,
murkrypare,Tichodroma muraria,,0,
mästersångare,Curruca crassirostris,,0,
narcissflugsnappare,Ficedula narcissina,,0,
nymfparakit,Nymphicus hollandicus,,0,
oceanlöpare,Hydrobates castro,,0,
orientgrönfink,Chloris sinica,,0,
orienthussvala,Delichon dasypus,,0,
orientpipare,Anarhynchus veredus,,0,
praktfregattfågel,Fregata magnificens,,0,
provencesångare,Curruca undata,,0,provencesanger
prärietrana,Antigone canadensis,,0,
purpurglansstare,Lamprotornis purpureus,,0,
pärlfnittertrast,Ianthocincla ocellata,,0,
påvefink,Passerina ciris,,0,
rubinnäktergal,Calliope calliope,,0,
rödbrun sparv,Emberiza rutila,,0,
rödgumpad bulbyl,Pycnonotus cafer,LO,0,
rödörad bulbyl,Pycnonotus jocosus,,0,
sammetspetrell,Pterodroma mollis,,0,
sanddvärglärka,Alaudala raytal,,0,
sardinsk sångare,Curruca sarda,,0,
savannörn,Aquila rapax,,0,
sidenvägsdvärglärka,Alaudala cheleensis,,0,
silverfasan,Lophura nycthemera,,0,
skedsnäppa,Calidris pygmaea,,0,
skiffertrut,Larus schistisagus,,0,
skrikstrandpipare,Charadrius vociferus,,0,
snötrana,Leucogeranus leucogeranus,,0,
spetsstjärtad petrell,Bulweria bulwerii,,0,
sporrvipa,Vanellus spinosus,,0,
starrsångare,Helopsaltes certhiola,,0,
stenhöna,Alectoris graeca,,0,
stensparv,Petronia petronia,,0,
större lira,Ardenna gravis,,0,storlire
större rosenfink,Carpodacus rubicilla,,0,
större skrikörn,Clanga clanga,,0,storskrikeørn
svartbent strandpipare,Anarhynchus alexandrinus,RE,0,hvitbrystlo
svartbulbyl,Hypsipetes leucocephalus,,0,
svarthakad sångare,Curruca ruppeli,,0,
svarthuvad grönfink,Chloris ambigua,,0,
svartnäbbad brunand,Aythya valisineria,,0,
svartnäbbad regngök,Coccyzus erythropthalmus,,0,
svartsparv,Calamospiza melanocorys,,0,
svartvit skogssångare,Mniotilta varia,,0,
taigabeckasin,Gallinago megala,,0,
tamhöna,Gallus gallus,,0,
tibetpipare,Anarhynchus atrifrons,,0,
tjocknäbbad dopping,Podilymbus podiceps,,0,
tofsbivråk,Pernis ptilorhynchus,,0,
toppskarv,Gulosus aristotelis,NT,0,toppskarv
tristanalbatross,Diomedea dabbenena,,0,
trädnäktergal,Cercotrichas galactotes,,0,
turkestandvärglärka,Alaudala heinei,,0,
törnsångare,Curruca communis,,0,tornsanger
undulat,Melopsittacus undulatus,,0,
vandringsalbatross,Diomedea exulans,,0,
virginiavaktel,Colinus virginianus,,0,
vitkindad bulbyl,Pycnonotus leucotis,,0,
vitkindad skogssångare,Setophaga striata,,0,
vitvingad lärka,Alauda leucoptera,,0,hvitvingelerke
willet,Tringa semipalmata,,0,
ärtsångare,Curruca curruca,,0,møller
ökenpipare,Anarhynchus leschenaultii,,0,ørkenlo
ökensångare,Curruca nana,,0,ørkensanger
öronskarv,Nannopterum auritum,,0,
